2022-01-02 08:57:36,WaultSwap,9.04759994903E-7,0.000472690703218158
2022-01-02 09:07:40,MiniFlokiADA,1.181014845E-9,6.16829053028e-07
2022-01-02 09:07:40,aelf,0.000687486566544232,0.359065501654045
2022-01-02 09:17:44,ULAND,0.000005262794180261,0.002750749447210646
2022-01-02 09:27:47,NFT Starter,7.068951327E-9,3.693314497529e-06
2022-01-02 09:37:50,aelf,0.000687486566544232,0.3591634697646679
2022-01-02 10:18:01,Dentrocoin,7.921617902E-9,4.152908157947e-06
2022-01-02 10:18:01,WALTERINU,3.945430385E-9,2.068391865772e-06
2022-01-02 10:38:09,Vulkania,0.000514451205209688,0.2693688230455259
2022-01-02 10:58:15,Footie Plus,0.000005713148106949,0.003000239381480962
2022-01-02 11:08:18,Baby Doge Coin,5.051066E-12,2.656147541e-09
2022-01-02 11:28:24,Doge Run,5.4992458377E-8,2.8948580144559e-05
2022-01-02 11:38:27,Doge Rise Up,1.81343E-12,9.58483168e-10
2022-01-02 11:48:30,CarsAutoFinance,0.000003271664725044,0.001729235272089592
2022-01-02 11:48:30,Baby Doge Coin,5.20266E-12,2.749860927e-09
2022-01-02 11:48:30,Chiwawa,4.1840513437E-8,2.2114763497384e-05
2022-01-02 11:48:30,Dentrocoin,7.831458385E-9,4.139309865034e-06
2022-01-02 12:28:43,LovePot Token,0.000014889097410748,0.007889212667178801
2022-01-02 12:38:46,Vulkania,0.000511272428697093,0.2711488579007761
2022-01-02 12:38:46,NinjaFloki,6.553490492E-9,3.475586326131e-06
2022-01-02 12:48:49,WaultSwap,8.86747248111E-7,0.000470362039034212
2022-01-02 12:48:49,Baby Clifford Inu,3.495463328E-9,1.85411712528e-06
2022-01-02 12:48:49,Chiwawa,3.9430134848E-8,2.0915135249879e-05
2022-01-02 13:08:56,Zionomics,0.001521078908572242,0.805397442306891
2022-01-02 13:08:56,EQIFI,0.000796139797671131,0.4215487790603344
2022-01-02 13:08:56,apM Coin,Error,Error
2022-01-02 13:18:59,UniFarm,0.000075285732320633,0.039844695870081964
2022-01-02 13:18:59,Fuse Network,0.001203906553134913,0.6371630983326793
2022-01-02 13:39:07,ULAND,0.000005457843085494,0.002864932751031379
2022-01-02 13:49:10,Baby Doge Coin,5.645139E-12,2.967080224e-09
2022-01-02 13:49:10,GamingShiba,3.12926E-13,1.64473752e-10
2022-01-02 13:59:13,WaultSwap,8.87937591559E-7,0.000466835291669098
2022-01-02 14:09:16,GamingShiba,3.12175E-13,1.6460577e-10
2022-01-02 14:19:19,UniFarm,0.000084118713867067,0.04435446958562036
2022-01-02 14:19:19,apM Coin,Error,Error
2022-01-02 14:29:22,Footie Plus,0.000005494248442787,0.00289577984928416
2022-01-02 14:39:24,WaultSwap,8.86248333753E-7,0.000467675785668244
2022-01-02 14:39:24,Fuse Network,0.001244395537926523,0.6566710917438422
2022-01-02 14:49:27,Zionomics,0.001883149926036354,0.9935772962627741
2022-01-02 14:59:31,Coinpad,0.000016133800188139,0.00852443100194241
2022-01-02 15:09:34,WALTERINU,5.336941144E-9,2.8187128973e-06
2022-01-02 15:09:34,ShibElon,8.722327647E-9,4.606709493084e-06
2022-01-02 15:19:37,WaultSwap,8.9147373326E-7,0.00047110222026483
2022-01-02 15:39:46,WaultSwap,8.95465776699E-7,0.000473477734875171
2022-01-02 15:49:51,Zionomics,0.001714895521537126,0.9070479287952012
2022-01-02 15:49:51,Fuse Network,0.001144731082401066,0.6054747617444847
2022-01-02 15:49:51,Melo Token,1.17027282E-9,6.18984377607e-07
2022-01-02 15:59:54,WaultSwap,8.93844237611E-7,0.000472677987901234
2022-01-02 15:59:54,Token TT-Swap,0.00000529231301883,0.002798653013380295
2022-01-02 15:59:54,LovePot Token,0.000014918670770263,0.007889212667178801
2022-01-02 16:09:57,CheemsBillionaire,2.09115098021E-7,0.000110505501920401
2022-01-02 16:09:57,Footie Plus,0.000005494248442787,0.002903399551694322
2022-01-02 16:09:57,Fuse Network,0.001251503178581665,0.6613486458567566
2022-01-02 16:20:00,GamingShiba,3.26438E-13,1.72704338e-10
2022-01-02 16:20:00,Earnfinex,0.000139013237845029,0.0735458672110909
2022-01-02 16:30:03,WaultSwap,8.80855630965E-7,0.000466029626458618
2022-01-02 16:30:03,Token TT-Swap,0.000004458821008376,0.002359004831136538
2022-01-02 16:40:06,GamingShiba,3.24744E-13,1.71779989e-10
2022-01-02 16:50:08,WaultSwap,8.94734159236E-7,0.000473359700276775
2022-01-02 17:00:11,Vulkania,0.000553753747054448,0.29281194555535894
2022-01-02 17:00:11,Hakuryu,0.000002043854936851,0.001080742376328051
2022-01-02 17:00:11,Earnfinex,0.000139013237845029,0.07350692766933187
2022-01-02 17:10:14,GamingShiba,3.34496E-13,1.76945234e-10
2022-01-02 17:10:14,Melo Token,1.178283088E-9,6.23301243939e-07
2022-01-02 17:10:14,AgeOfGods,0.000949461601426238,0.5022567185790621
2022-01-02 17:20:17,Hakuryu,0.000002048688252848,0.00108356480178259
2022-01-02 17:30:19,Earnfinex,0.000139013237845029,0.07355509738023025
2022-01-02 17:40:23,Fuse Network,0.001208887218629235,0.6406211206928055
2022-01-02 17:50:29,Museo,0.000003713666580573,0.001971270380964672
2022-01-02 17:50:29,Earnfinex,0.000139013237845029,0.07379032887858705
2022-01-02 18:00:32,WaultSwap,9.09981731591E-7,0.000482578470007903
2022-01-02 18:00:32,Vulkania,0.000536032610536974,0.28426702216877825
2022-01-02 18:10:37,Hakuryu,0.000002098789684353,0.001114244730292725
2022-01-02 18:20:40,WALTERINU,5.698383427E-9,3.02590730149e-06
2022-01-02 18:20:40,Melo Token,1.178283088E-9,6.25681905063e-07
2022-01-02 18:20:40,Fuse Network,0.001181986803671644,0.6276486208884883
2022-01-02 18:20:40,Token TT-Swap,0.000003876932101832,0.0020586956465457
2022-01-02 18:30:44,WaultSwap,9.13660191061E-7,0.000484828267488851
2022-01-02 18:30:44,NFT Gallery,2.5829551068E-8,1.3706295422317e-05
2022-01-02 18:40:47,WALTERINU,5.677236739E-9,3.020529981613e-06
2022-01-02 18:50:50,CheemsBillionaire,2.3186650264E-7,0.000123269149728231
2022-01-02 18:50:50,Earnfinex,0.000139013237845029,0.0739047832913148
2022-01-02 19:00:53,WaultSwap,9.00518803409E-7,0.000478617398502666
2022-01-02 19:10:56,Terkehh,0.00006367229818031,0.03378261708806145
2022-01-02 19:10:56,Intergalactic Cockroach,1.8437023719E-7,9.782133366369e-05
2022-01-02 19:10:56,NinjaFloki,7.08401822E-9,3.758568197049e-06
2022-01-02 19:20:59,WaultSwap,8.97221032342E-7,0.000475252243159739
2022-01-02 19:20:59,LovePot Token,0.000014893917147129,0.007889212667178801
2022-01-02 19:31:03,Intergalactic Cockroach,1.39395478682E-7,7.380089899839e-05
2022-01-02 19:31:03,ShibElon,8.706638904E-9,4.609602725124e-06
2022-01-02 19:41:05,Melo Token,1.212194418E-9,6.41298141752e-07
2022-01-02 19:41:05,HeroesOfCrypton,2.299872E-12,1.216721931e-09
2022-01-02 19:51:08,WaultSwap,8.92025331958E-7,0.000471690365322844
2022-01-02 19:51:08,Hakuryu,0.000002109947304052,0.001115710259568647
2022-01-02 19:51:08,NFT Starter,7.044664461E-9,3.725118821498e-06
2022-01-02 20:01:11,MiniTesla,7.25215E-13,3.8226631e-10
2022-01-02 20:11:14,WaultSwap,8.95878812276E-7,0.000472811141336096
2022-01-02 20:11:14,LovePot Token,0.000014948417784934,0.007889212667178801
2022-01-02 20:11:14,HeroesOfCrypton,2.5635E-12,1.352918845e-09
2022-01-02 20:21:18,CrypterToken,1.5869197E-11,8.380083797e-09
2022-01-02 20:31:21,NFT Starter,7.03969125E-9,3.71584183191e-06
2022-01-02 20:31:21,WaultSwap,8.92939247889E-7,0.000471330473584515
2022-01-02 20:41:24,Terkehh,0.000050818023880352,0.026818206082750713
2022-01-02 20:41:24,Wagerr,0.000118545324611292,0.06255994827853568
2022-01-02 21:01:29,WaultSwap,8.91629925017E-7,0.00047031472393757
2022-01-02 21:01:29,LovePot Token,0.000014956491346867,0.007889212667178801
2022-01-02 21:11:33,Melo Token,1.213329799E-9,6.39014656504e-07
2022-01-02 21:11:33,Empire Capital Token,0.00003219217430784,0.01695439378241221
2022-01-02 21:21:36,WaultSwap,9.02665242161E-7,0.000475459702172848
2022-01-02 21:21:36,Orakler,0.01295807228821472,6.82538875224828
2022-01-02 21:21:36,Dentrocoin,5.592705232E-9,2.945838434639e-06
2022-01-02 21:31:39,Earnfinex,0.000139013237845029,0.07326568807804996
2022-01-02 21:41:43,Orakler,0.012857113008592369,6.766777289411643
2022-01-02 21:41:43,Empire Capital Token,0.000032322065431789,0.01701130091681879
2022-01-02 21:51:47,WaultSwap,8.95830426991E-7,0.000470978427872262
2022-01-02 22:01:49,KickToken,0.000072088975951369,0.03789099451198326
2022-01-02 22:01:49,Empire Capital Token,0.000031856595878177,0.016744281405866594
2022-01-02 22:11:53,The Corgi of PolkaBridge,9.0556257E-11,4.759940968e-08
2022-01-02 22:11:53,ShibElon,8.074619129E-9,4.244290981054e-06
2022-01-02 22:11:53,POOMOON,0.000001776894685323,0.000933995519327864
2022-01-02 22:11:53,Red Inu,1.376942E-12,7.23766819e-10
2022-01-02 22:21:56,Zionomics,0.001454389008439138,0.7627926145429124
2022-01-02 22:31:59,The Corgi of PolkaBridge,9.0672311E-11,4.759940968e-08
2022-01-02 22:31:59,KickToken,0.000072178711152986,0.03789099451198326
2022-01-02 22:42:02,WaultSwap,8.96142693927E-7,0.00047027324804363
2022-01-02 22:42:02,ShibElon,7.980769635E-9,4.188108080782e-06
2022-01-02 22:42:02,Baby Tiger King,4.04561E-13,2.12303231e-10
2022-01-02 22:52:04,The Parallel,0.001209942223158517,0.633951793468874
2022-01-02 23:12:10,LITTLE BABY DOGE,1.1279505E-11,5.914157948e-09
2022-01-02 23:22:12,MetaBUSDCoin,2.5522965E-11,1.3379996074e-08
2022-01-02 23:42:18,WaultSwap,8.95270247315E-7,0.000469459178910679
2022-01-02 23:42:18,ShibaJump,3.2015076E-11,1.6787971365e-08
2022-01-02 23:52:21,BabySafeMoon,0.000006994285382702,0.003666789656094962
2022-01-02 23:52:21,AgeOfGods,0.001077293189423904,0.5647744017890934
2022-01-03 00:02:24,Intergalactic Cockroach,1.42746444313E-7,7.4806991126888e-05
2022-01-03 00:02:24,MetaBUSDCoin,2.5385339E-11,1.3303314213e-08
2022-01-03 00:12:26,ShibaJump,2.9009053E-11,1.5212130096e-08
2022-01-03 00:22:30,Baby Tiger King,4.07967E-13,2.13803316e-10
2022-01-03 00:22:30,Egoras (New),0.000016134436612692,0.008455576028636797
2022-01-03 00:32:33,KickToken,0.000071647784748179,0.03755431185477162
2022-01-03 00:42:35,ProximaX,0.000008850219140401,0.004644328624841536
2022-01-03 00:42:35,Baby Tiger King,4.16644E-13,2.18642365e-10
2022-01-03 00:52:38,TrusterCoin,0.000028690416453372,0.015065329668650653
2022-01-03 01:02:41,Melo Token,1.654161599E-9,8.69182436639e-07
2022-01-03 01:02:41,CrypterToken,1.6338485E-11,8.585088998e-09
2022-01-03 01:02:41,Baby Tiger King,4.22242E-13,2.21867887e-10
2022-01-03 01:12:44,BabySafeMoon,0.000006994285382702,0.003672141266221558
2022-01-03 01:12:44,KickToken,0.000071529267373073,0.03755431185477162
2022-01-03 01:22:47,CrypterToken,1.6350048E-11,8.585088998e-09
2022-01-03 01:32:50,CarsAutoFinance,0.000002663167914001,0.001396855917197594
2022-01-03 01:32:50,WaultSwap,9.09177840646E-7,0.000476872088994042
2022-01-03 01:32:50,Red Inu,1.813375E-12,9.51131784e-10
2022-01-03 02:13:02,CrypterToken,1.644242E-11,8.617822315e-09
2022-01-03 02:13:02,Red Inu,1.566858E-12,8.21217777e-10
2022-01-03 02:23:05,WaultSwap,9.06480383068E-7,0.000474851337943087
2022-01-03 02:43:14,NFT Starter,7.048545434E-9,3.696245664887e-06
2022-01-03 02:43:14,Melo Token,1.671118416E-9,8.7633175631e-07
2022-01-03 02:53:18,CrypterToken,1.6448624E-11,8.618953228e-09
2022-01-03 03:23:27,Footie Plus,0.000005381756070272,0.002829176358416384
2022-01-03 03:33:30,NFT Starter,7.045655132E-9,3.702977562352e-06
2022-01-03 03:33:30,KickToken,0.000071454586363725,0.03755431185477162
2022-01-03 03:53:35,CrypterToken,1.6494669E-11,8.674448487e-09
2022-01-03 04:03:38,WaultSwap,9.04549463064E-7,0.000475633521561799
2022-01-03 04:03:38,Earnfinex,0.000147336992969617,0.07747327889079778
2022-01-03 04:13:42,BALI TOKEN,9.624659272E-9,5.061172969003e-06
2022-01-03 04:23:45,Earnfinex,0.000147336992969617,0.07733780026362876
2022-01-03 04:43:52,The Mask,5.0694914833E-8,2.6593764134845e-05
2022-01-03 04:43:52,Infinity Doge,7.56957E-13,3.97087858e-10
2022-01-03 04:43:52,ERC20,0.000060274112371744,0.0316188622294255
2022-01-03 05:03:58,BALI TOKEN,9.838961759E-9,5.174777661746e-06
2022-01-03 05:14:01,Metoshi,0.000007814409009607,0.004114969611038165
2022-01-03 05:24:04,ShibElon,8.575438169E-9,4.513696469512e-06
2022-01-03 05:44:11,BALI TOKEN,9.504097802E-9,5.011171406709e-06
2022-01-03 05:44:11,SHIRO INU,1.54924749506E-7,8.1686288494479e-05
2022-01-03 06:14:21,Melo Token,1.684168646E-9,8.89403740213e-07
2022-01-03 06:14:21,LunaChow,4.38142505E-9,2.313815683119e-06
2022-01-03 06:24:24,Omni Cash,0.001071806885095623,0.5673631241302538
2022-01-03 06:34:27,Graviton Zero,0.000194477059000093,0.10294047345895414
2022-01-03 06:34:27,Saito,0.00020856515564863,0.11039757583695328
2022-01-03 06:44:31,WaultSwap,8.99871639507E-7,0.000476037049752041
2022-01-03 06:44:31,The Mask,5.3594086823E-8,2.8351566884726e-05
2022-01-03 06:44:31,CrypterToken,1.6732511E-11,8.851590304e-09
2022-01-03 06:44:31,Melo Token,1.684838975E-9,8.91289090105e-07
2022-01-03 06:54:34,Saito,0.000201656876078155,0.10683411765427571
2022-01-03 07:14:39,Melo Token,1.684838975E-9,8.93835758474e-07
2022-01-03 07:24:42,BabyKitty,0,1e-18
2022-01-03 08:04:55,Omni Cash,0.00106631163147562,0.5646544224747513
2022-01-03 08:14:58,ProximaX,0.0000089301088164,0.004731631192734644
2022-01-03 08:25:02,MyLottoCoin,Error,Error
2022-01-03 08:35:06,ProximaX,0.00000895047135927,0.004746658746794049
2022-01-03 08:45:10,BabySafeMoon,0.000006996380193378,0.003710679045695461
2022-01-03 08:45:10,MetaRacers,0.000691145969204586,0.3665639651589544
2022-01-03 09:05:16,BabySafeMoon,0.000007008637759289,0.003718157244594365
2022-01-03 09:05:16,MetaRacers,0.000675174659784721,0.35818737376143595
2022-01-03 09:15:20,FlexQ,0.000597785225233195,0.316458291875608
2022-01-03 09:35:31,WaultSwap,8.93603806152E-7,0.000473624145459732
2022-01-03 09:35:31,FlexQ,0.000587915739881731,0.31160463729774723
2022-01-03 09:45:34,ProximaX,0.000008896149543226,0.004723379840539854
2022-01-03 10:05:39,BALI TOKEN,1.1242031805E-8,5.939265311898e-06
2022-01-03 10:15:42,BODA Token,1.2803359E-11,6.76333554e-09
2022-01-03 10:25:45,Zionomics,0.001548891768823029,0.818153812657659
2022-01-03 10:25:45,Infinity Doge,7.91123E-13,4.17885973e-10
2022-01-03 10:25:45,FlexQ,0.000593066158244956,0.31326871786209426
2022-01-03 10:45:52,WaultSwap,8.8606072979E-7,0.000468127324809891
2022-01-03 10:45:52,MyLottoCoin,Error,Error
2022-01-03 10:45:52,Fantasy Girl,1.28915888E-10,6.8109383121e-08
2022-01-03 11:05:59,BODA Token,1.210635E-11,6.379175962e-09
2022-01-03 11:16:02,PRIVATEUM INITIATIVE,0.002184656256294093,1.1490946359678786
2022-01-03 11:16:02,ProximaX,0.000008095392364133,0.004258048338213562
2022-01-03 11:56:20,Domain Coin,0.000014335864682541,0.007471107775470716
2022-01-03 12:06:23,LovePot Token,0.000015140776356806,0.007889212667178801
2022-01-03 12:16:26,CrypterToken,1.8747779E-11,9.753443362e-09
2022-01-03 12:26:29,WaultSwap,9.01975796328E-7,0.000468760580940946
2022-01-03 12:26:29,Orakler,0.013159020016903936,6.83879755182633
2022-01-03 12:26:29,UniFarm,0.000077680190254401,0.04037071865950319
2022-01-03 12:46:38,WaultSwap,8.94433178284E-7,0.000464314439698916
2022-01-03 12:46:38,LatteSwap,0.000173623990132437,0.09013096523467651
2022-01-03 12:56:41,BabySafeMoon,0.000007091517766199,0.003681133138444567
2022-01-03 13:06:44,LunaChow,2.819218765E-9,1.461485325246e-06
2022-01-03 13:16:47,CrypterToken,1.8862442E-11,9.753443362e-09
2022-01-03 13:26:50,BabySafeMoon,0.000007228656750016,0.003740736750350102
2022-01-03 13:26:50,ANTIS INU,0.000001060105042586,0.00054859070352492
2022-01-03 13:46:58,NinjaFloki,5.7754833E-9,2.987398683546e-06
2022-01-03 13:57:01,Polylastic,9.35481166689E-7,0.000483583665130863
2022-01-03 13:57:01,NFT Starter,7.145904723E-9,3.693973667722e-06
2022-01-03 13:57:01,Cross Chain Farming,8.717205911E-9,4.506235437218e-06
2022-01-03 14:07:04,ProximaX,0.000009453043052544,0.004879319618320262
2022-01-03 14:07:04,Orakler,0.015044658474255101,7.765509670942045
2022-01-03 14:07:04,Pillar,Error,Error
2022-01-03 14:17:09,Polylastic,8.38126144088E-7,0.000433348347756454
2022-01-03 14:37:19,NFT Starter,7.176308495E-9,3.698713742734e-06
2022-01-03 14:47:22,GoldMiner,1.38648332392E-7,7.1371537855694e-05
2022-01-03 14:47:22,Jupiter,0.000021706500340926,0.011173782504739172
2022-01-03 14:57:25,NFT Starter,7.209446409E-9,3.717417521307e-06
2022-01-03 15:07:28,Ares Protocol,0.000032655464941951,0.016794346946623556
2022-01-03 15:07:28,RocketX,0.000352341401256915,0.18120531270606607
2022-01-03 15:17:32,GoldMiner,1.37822213921E-7,7.0806580664613e-05
2022-01-03 15:17:32,Santa Floki,7.77102721E-10,3.99238881014e-07
2022-01-03 15:27:35,PRIVATEUM INITIATIVE,0.002072646799304596,1.0615125948918425
2022-01-03 15:27:35,MyLottoCoin,Error,Error
2022-01-03 15:37:38,Domain Coin,0.000015358658747577,0.007850788362285954
2022-01-03 15:37:38,FlameMetaverse,Error,Error
2022-01-03 15:37:38,LunaChow,3.53077481E-9,1.804803807734e-06
2022-01-03 15:47:41,Polylastic,9.26367940981E-7,0.000472728947710011
2022-01-03 15:57:45,GoldMiner,1.38821549119E-7,7.0885790538429e-05
2022-01-03 15:57:45,MoneyShow,0.000777386805727514,0.3969533449807165
2022-01-03 16:07:49,FlameMetaverse,Error,Error
2022-01-03 16:17:52,Domain Coin,0.00001589179288679,0.008124036833488302
2022-01-03 16:17:52,hodlME,2.3088529102E-8,1.180307736165e-05
2022-01-03 16:27:55,Cross Chain Farming,9.262736889E-9,4.730729382846e-06
2022-01-03 16:27:55,FlexQ,0.000578314383725136,0.2953611209433979
2022-01-03 16:37:58,NFT Starter,7.259087139E-9,3.723916310534e-06
2022-01-03 16:58:06,PRIVATEUM INITIATIVE,0.001968554382400667,1.0093330661421793
2022-01-03 16:58:06,Cross Chain Farming,9.21442767E-9,4.724495607362e-06
2022-01-03 17:18:24,Santa Floki,7.15105798E-10,3.65521187241e-07
2022-01-03 17:18:24,Cross Chain Farming,8.79756457E-9,4.496811880366e-06
2022-01-03 17:28:46,NFT Starter,7.272507055E-9,3.73411666585e-06
2022-01-03 17:28:46,GoldMiner,1.36241496795E-7,6.9954094219678e-05
2022-01-03 17:48:57,MoneyShow,0.000655702096054146,0.3369526547439031
2022-01-03 17:48:57,ProximaX,0.000009916975351083,0.005096028442344621
2022-01-03 18:09:03,POOMOON,0.000001757709673417,0.000901137994437495
2022-01-03 18:19:07,FlameMetaverse,3.944355023E-9,2.023232824288e-06
2022-01-03 18:19:07,MoneyShow,0.000874899380849484,0.44877429515605444
2022-01-03 18:29:10,ProximaX,0.00001047549013348,0.005371090677813395
2022-01-03 18:39:13,FlexQ,0.000629950845643264,0.3226643304126231
2022-01-03 18:49:16,PRIVATEUM INITIATIVE,0.002023583003184008,1.0364830629171133
2022-01-03 18:59:20,AtromG8,0.000119360211431953,0.06107778213248242
2022-01-03 18:59:20,Baby Tiger King,7.5279E-13,3.85720989e-10
2022-01-03 19:09:24,NFT Starter,7.405836655E-9,3.79274607936e-06
2022-01-03 19:09:24,Polylastic,9.93354291015E-7,0.000508725856143803
2022-01-03 19:19:28,Cross Chain Farming,9.721704293E-9,4.972075762556e-06
2022-01-03 19:19:28,FlexQ,0.000629175184118071,0.32178582983160786
2022-01-03 19:29:34,ERC20,0.000078114834790842,0.03992830343258732
2022-01-03 19:39:37,Basket Legends,0.00006066123008079,0.031007907551538264
2022-01-03 19:49:40,Cross Chain Farming,9.73855835E-9,4.973788244733e-06
2022-01-03 19:59:45,MoneyShow,0.000976624400536226,0.4975112631534604
2022-01-03 20:29:58,FlexQ,0.000629062196782244,0.3203927227036885
2022-01-03 20:40:02,Domain Coin,0.000028791167060166,0.014644539094908033
2022-01-03 20:50:10,UniFarm,0.000085597156812278,0.04341513092108724
2022-01-03 20:50:10,Cross Chain Farming,9.854360319E-9,4.998160678619e-06
2022-01-03 21:00:13,NFT Starter,7.605837792E-9,3.855201838753e-06
2022-01-03 21:00:13,MoneyShow,0.000994822755307691,0.5042498434178514
2022-01-03 21:20:20,Polylastic,0.000001303000853215,0.000655787982159102
2022-01-03 21:30:23,LunaChow,3.644077711E-9,1.83495952283e-06
2022-01-03 21:40:27,Melo Token,1.25389681E-9,6.32290261526e-07
2022-01-03 21:40:27,GoldMiner,1.41010779785E-7,7.110612462826e-05
2022-01-03 21:50:29,Polylastic,0.000001358455018782,0.000688280435900251
2022-01-03 21:50:29,NFT Starter,7.768467182E-9,3.936003698453e-06
2022-01-03 21:50:29,AtromG8,0.000120687467414405,0.06107778213248242
2022-01-03 22:00:33,NinjaFloki,5.182387908E-9,2.624907398285e-06
2022-01-03 22:00:33,GoldMiner,1.39597456443E-7,7.0706863844174e-05
2022-01-03 22:30:43,Polylastic,0.00000110247502694,0.000558924406919188
2022-01-03 22:40:46,Santa Floki,7.18729491E-10,3.65262322065e-07
2022-01-03 22:40:46,Age Of Knights,0.005603883230646692,2.847924603596038
2022-01-03 22:50:50,Fantasy Girl,1.84557565E-10,9.3898342442e-08
2022-01-03 22:50:50,GoldMiner,1.34095102853E-7,6.8224285031612e-05
2022-01-03 23:10:55,CarsAutoFinance,0.000002491184449015,0.001265615282740005
2022-01-03 23:31:02,FlexQ,0.000641092871511836,0.32599532802972025
2022-01-03 23:51:10,ProximaX,0.000011963313389237,0.006079087122773936
2022-01-04 00:01:13,Cross Chain Farming,1.0424003144E-8,5.289220931357e-06
2022-01-04 00:11:16,Fantasy Girl,1.8248157E-10,9.2604434742e-08
2022-01-04 00:31:28,RocketX,0.000365584925561159,0.1859829862616907
2022-01-04 00:41:35,ANTIS INU,0.000001084149051161,0.000551540117970786
2022-01-04 01:01:42,Viva Classic,1.8023984E-11,9.159914724e-09
2022-01-04 01:11:45,Baby Tiger King,6.48118E-13,3.295484e-10
2022-01-04 01:11:45,Polylastic,0.000001201498605513,0.000610925450063839
2022-01-04 01:21:49,RocketX,0.000356750940453128,0.1814581509549949
2022-01-04 01:41:54,RocketX,0.000362403120266977,0.18444104837264907
2022-01-04 01:51:57,Museo,0.00000586196118021,0.002982453660824687
2022-01-04 01:51:57,FlexQ,0.000711890542462906,0.362196283667477
2022-01-04 02:12:05,Viva Classic,1.7575282E-11,8.965016968e-09
2022-01-04 02:22:09,Dentrocoin,6.304736153E-9,3.216682246751e-06
2022-01-04 02:32:12,Ares Protocol,0.000031622810682847,0.01616484502815532
2022-01-04 02:42:15,Jupiter,0.000021788344857252,0.011131416130139496
2022-01-04 02:52:19,Museo,0.000005840907742726,0.00298555063432114
2022-01-04 02:52:19,FlexQ,0.000735496843259106,0.37594551457659436
2022-01-04 03:32:31,FlexQ,0.000719806221044989,0.3684286940580185
2022-01-04 03:52:39,Santa Floki,6.77931499E-10,3.47132917567e-07
2022-01-04 03:52:39,LunaChow,3.78633321E-9,1.938781272778e-06
2022-01-04 03:52:39,LimoCoin Swap,0.000189602172091104,0.0970852590483588
2022-01-04 04:32:58,Infinity Doge,1.286754E-12,6.58387621e-10
2022-01-04 04:32:58,Viva Classic,1.7576829E-11,8.993455756e-09
2022-01-04 04:53:04,Fantasy Girl,2.28515035E-10,1.16853495752e-07
2022-01-04 05:03:06,Museo,0.000005851781583829,0.002991081737618406
2022-01-04 05:13:09,Infinity Doge,1.278768E-12,6.53421671e-10
2022-01-04 05:43:15,LunaChow,3.734046989E-9,1.911797194987e-06
2022-01-04 05:43:15,Fantasy Girl,2.66012348E-10,1.36195838566e-07
2022-01-04 05:53:19,AtromG8,0.000119089471517595,0.06107778213248242
2022-01-04 05:53:19,Ares Protocol,0.000032835992423254,0.016831579630186926
2022-01-04 06:03:22,Viva Classic,1.761411E-11,9.054402752e-09
2022-01-04 06:23:27,Rijent Coin,0.000009417757732239,0.004850288304799352
2022-01-04 06:33:29,Viva Classic,1.762066E-11,9.064113552e-09
2022-01-04 06:53:34,Hakuryu,0.00000280223776852,0.001440636499950268
2022-01-04 06:53:34,Museo,0.000005805298210176,0.002984516370676718
2022-01-04 07:03:37,AnyPrinter,0.000004591590828631,0.002360861477921077
2022-01-04 07:13:39,LunaChow,3.727797976E-9,1.916648640007e-06
2022-01-04 07:13:39,Museo,0.000005628812615201,0.002894055985049352
2022-01-04 08:13:53,OBRok Token,Error,Error
2022-01-04 08:23:55,Polylastic,0.000001010752444544,0.000519703737134338
2022-01-04 08:34:00,Lucid Lands,0.000196587508277559,0.10128531501833699
2022-01-04 09:04:07,PYE,0.000003243144534247,0.001675984984396153
2022-01-04 09:14:10,BODA Token,1.0364396E-11,5.356798553e-09
2022-01-04 09:14:10,Lucid Lands,0.000201531261329751,0.10416066813859969
2022-01-04 09:14:10,Multiverse,0.00000554267853115,0.002864712378976166
2022-01-04 09:24:12,SatoshiCrypto,0.000022008205533728,0.011362149161461908
2022-01-04 09:44:17,Lucid Lands,0.000199196345337186,0.10295095306524675
2022-01-04 09:54:20,NFT Starter,7.855143405E-9,4.072960001568e-06
2022-01-04 09:54:20,Viva Classic,1.8392962E-11,9.536910445e-09
2022-01-04 10:14:26,Polylastic,0.000001114654933966,0.000577868166758639
2022-01-04 10:34:31,Polylastic,0.000001114654933966,0.000577354739852383
2022-01-04 10:34:31,Etherconnect,0.00000593089719369,0.003072010450956473
2022-01-04 10:34:31,8PAY,0.000153047157236452,0.07927341364469347
2022-01-04 10:54:36,PAPPAY,2.009186943E-9,1.03740751504e-06
2022-01-04 10:54:36,Viva Classic,1.8412605E-11,9.507017283e-09
2022-01-04 11:04:38,Etherconnect,0.000005067156325441,0.002606947113867377
2022-01-04 11:24:44,Polylastic,0.000001111268996452,0.000570888035636752
2022-01-04 11:24:44,Jupiter,0.000030362287296919,0.015597903484864287
2022-01-04 11:34:47,Etherconnect,0.000005494062940091,0.002817962323904514
2022-01-04 11:54:53,Jupiter,0.00002949259917499,0.015174000033512151
2022-01-04 11:54:53,OBRok Token,Error,Error
2022-01-04 12:04:56,Cross Chain Farming,1.2235538631E-8,6.293303010821e-06
2022-01-04 12:14:58,Etherconnect,0.000005538124222624,0.002848908617693105
2022-01-04 12:14:58,AnyPrinter,0.000005452437134489,0.002804829670742635
2022-01-04 12:25:01,BALI TOKEN,1.6658629884E-8,8.584198075905e-06
2022-01-04 12:25:01,AceD,0.000002314928335195,0.001192883418329078
2022-01-04 12:55:16,Swirge,0.000254777579277759,0.13143170529222123
2022-01-04 13:05:18,BALI TOKEN,1.5314438608E-8,7.876171448456e-06
2022-01-04 13:15:30,Terkehh,0.00006511392492407,0.03351566007167801
2022-01-04 13:15:30,Etherconnect,0.000005589341003796,0.002876964540631978
2022-01-04 13:15:30,Cross Chain Farming,1.2232202357E-8,6.296200645542e-06
2022-01-04 13:25:33,PAPPAY,1.826618389E-9,9.41011962143e-07
2022-01-04 13:35:36,Etherconnect,0.000005709759193807,0.002915439078666115
2022-01-04 13:45:38,Santa Floki,8.953393E-10,4.56148691993e-07
2022-01-04 14:05:43,NinjaFloki,7.024756777E-9,3.577170184409e-06
2022-01-04 14:05:43,LunaChow,4.092091376E-9,2.083788482439e-06
2022-01-04 14:15:46,Ltradex,8.144524835E-9,4.169491064609e-06
2022-01-04 14:25:49,NinjaFloki,6.550891259E-9,3.353271190637e-06
2022-01-04 14:25:49,Catena X,0.000009906832777474,0.005071111033806379
2022-01-04 14:25:49,French Connection Finance,4.82606088546E-7,0.000247036476296537
2022-01-04 14:25:49,Domain Coin,0.000021259677933848,0.010882407098931169
2022-01-04 14:45:53,BALI TOKEN,1.6671599892E-8,8.502542580659e-06
2022-01-04 14:55:55,GoldMiner,2.24028828963E-7,0.000114082355071211
2022-01-04 15:05:57,PAPPAY,1.785006033E-9,9.09376453661e-07
2022-01-04 15:15:59,Metakings,0.001332254119298354,0.6799130620040137
2022-01-04 15:36:03,Zelda Inu,0.000050457840161913,0.025812226554421752
2022-01-04 15:56:13,OBRok Token,Error,Error
2022-01-04 16:36:30,Museo,0.000006030227937788,0.003077083896172499
2022-01-04 16:46:34,GoldMiner,2.12703962631E-7,0.000108585677500737
2022-01-04 16:56:36,Museo,0.000005545465883131,0.002830135250915568
2022-01-04 17:06:38,GoldMiner,2.14674264471E-7,0.000109512509521653
2022-01-04 17:16:40,Viva Classic,1.8197151E-11,9.273115588e-09
2022-01-04 17:26:43,Ltradex,1.2265597454E-8,6.247450152221e-06
2022-01-04 17:36:45,GoldMiner,2.18037188393E-7,0.000111026029404126
2022-01-04 17:46:47,ULAND,0.000038154891360484,0.01942283848192124
2022-01-04 17:56:49,Fuse Network,0.001984400706090036,1.0103807962809819
2022-01-04 18:06:51,AceD,0.000002695453982076,0.001371484587884207
2022-01-04 18:06:51,OBRok Token,Error,Error
2022-01-04 18:16:53,OUSE Token,5.3754359567E-8,2.7337538373254e-05
2022-01-04 18:16:53,AnyPrinter,0.000005049716831034,0.002568104777978779
2022-01-04 18:16:53,ULAND,0.000038291626943442,0.019473747419989845
2022-01-04 18:26:56,Fuse Network,0.001813483159909374,0.9211676915473348
2022-01-04 18:26:56,WALTERINU,5.351092692E-9,2.718113854852e-06
2022-01-04 18:36:58,GoldMiner,2.23698218721E-7,0.00011356846254001
2022-01-04 18:47:00,8PAY,0.000167274322604308,0.08485603079179707
2022-01-04 18:47:00,ULAND,0.000037721961870559,0.01913584767930598
2022-01-04 19:07:05,OUSE Token,6.0430175958E-8,3.0623097271422e-05
2022-01-04 19:07:05,Web3 Inu,2.1921351E-11,1.1108682744e-08
2022-01-04 19:17:07,OBRok Token,Error,Error
2022-01-04 19:27:10,WoopMoney,6.970902596E-9,3.5395841783e-06
2022-01-04 19:37:13,BALI TOKEN,1.7084283631E-8,8.678336957331e-06
2022-01-04 19:37:13,GoldMiner,2.4101597133E-7,0.000122429354162164
2022-01-04 19:47:16,Web3 Inu,2.1030476E-11,1.0697223998e-08
2022-01-04 19:47:16,ERC20,0.00009956109847408,0.05064209584036736
2022-01-04 19:57:21,Ltradex,1.548966698E-8,7.883291837655e-06
2022-01-04 20:07:24,WoopMoney,7.005495282E-9,3.571654952471e-06
2022-01-04 20:17:27,GoldMiner,2.37989789679E-7,0.000121641827986711
2022-01-04 20:27:30,Empire Capital Token,0.000173638503007137,0.08861899520597309
2022-01-04 20:27:30,Digichain,0.000001301599951086,0.000664290913753159
2022-01-04 20:37:34,Cryptogodz,0.00007217257882863,0.036789729107672586
2022-01-04 20:37:34,AceD,0.000002996712985417,0.001527564356661152
2022-01-04 20:47:37,GoldMiner,2.38638144763E-7,0.000121695923221541
2022-01-04 20:57:41,AceD,0.000002929267972292,0.00149366084865737
2022-01-04 21:07:45,AgeOfGods,0.001627624831753357,0.8302667468907131
2022-01-04 21:07:45,OBRok Token,Error,Error
2022-01-04 21:07:45,Digichain,0.000001181797824093,0.000602846193883003
2022-01-04 21:17:48,Metakings,0.001391794462515444,0.7093241869131498
2022-01-04 21:27:51,Doge Rise Up,1.119678E-12,5.71452593e-10
2022-01-04 21:47:56,ERC20,0.000101864239630176,0.05205796853720606
2022-01-04 21:57:59,Web3 Inu,2.1413433E-11,1.0944927599e-08
2022-01-04 22:08:02,Doge Rise Up,1.119678E-12,5.72510795e-10
2022-01-04 22:28:08,DefiCliq,0.000050170913721719,0.02567219929072608
2022-01-04 22:28:08,AceD,0.000003049219129191,0.001560269792969604
2022-01-04 22:28:08,Empire Capital Token,0.000176525595789953,0.0903272421979434
2022-01-04 22:38:11,WALTERINU,4.739151799E-9,2.423501827224e-06
2022-01-04 22:48:13,AceD,0.000003086183649234,0.001578643518245201
2022-01-04 23:08:18,AceD,0.00000309841309056,0.001584471740910086
2022-01-04 23:38:27,AnyPrinter,0.000005305506997261,0.002715394623102521
2022-01-04 23:48:30,Ltradex,1.3061104043E-8,6.680491032224e-06
2022-01-04 23:58:33,BALI TOKEN,1.8841087601E-8,9.629350183872e-06
2022-01-04 23:58:33,AceD,0.000003099012002873,0.001583850806883393
2022-01-04 23:58:33,GoldMiner,2.78926810704E-7,0.000142554612175156
2022-01-04 23:58:33,Shiba Dollars,1.3943192E-11,7.126121482e-09
2022-01-04 23:58:33,Ertha,0.000634309728567557,0.3241846028587467
2022-01-04 23:58:33,Kikswap,3.11181323404E-7,0.000159039329213178
2022-01-04 23:58:33,Green Chart,5.2915148829E-8,2.7044006635595e-05
2022-01-04 23:58:33,Cryptogodz,0.000173349157730498,0.0885957211813038
2022-01-04 23:58:33,META BSC,7.883001348E-9,4.028864049174e-06
2022-01-04 23:58:33,Fuse Network,0.00217062979407932,1.1093709051823593
2022-01-04 23:58:33,Jupiter,0.000033372987297355,0.017056349833440596
2022-01-04 23:58:33,Digichain,0.000001150941616679,0.000588226120635718
2022-01-04 23:58:33,DefiCliq,0.000050047767683711,0.02557853830675176
2022-01-05 00:08:45,Elrond,0.474095321123085975,242.27484324564398
2022-01-05 00:08:45,Uniswap,0.035953364332212306,18.37308937600503
2022-01-05 00:08:45,Basic Attention Token,0.002575332350056966,1.3160607447832178
2022-01-05 00:08:45,BitTorrent,0.000005780631545746,0.002954050671263184
2022-01-05 00:08:45,Velas,0.001039409575774171,0.5311648962115146
2022-01-05 00:08:45,Maker,4.868107358706757691,2487.7274562417406
2022-01-05 00:08:45,Cosmos,0.080102719714659019,40.934539949573356
2022-01-05 00:08:45,Compound,0.440912700244042225,225.3176746895283
2022-01-05 00:08:45,Ankr,0.000217047345985613,0.1109167489798853
2022-01-05 00:08:45,Tezos,0.010106870519603902,5.16486951408941
2022-01-05 00:08:45,Filecoin,0.073755688730893904,37.69104466886859
2022-01-05 00:08:45,Chainlink,0.049513597554758097,25.3027156177998
2022-01-05 00:38:55,Kikswap,3.23653731286E-7,0.000165308382896859
2022-01-05 00:48:59,Jupiter,0.000031787302523834,0.016249416229364815
2022-01-05 00:59:02,NinjaFloki,6.576399863E-9,3.360944838647e-06
2022-01-05 01:09:04,WoopMoney,7.091109436E-9,3.628866519184e-06
2022-01-05 01:29:09,Surviving Soldiers,0.001739790745824077,0.8905362743720419
2022-01-05 01:29:09,Kikswap,3.29073794817E-7,0.000168441033459364
2022-01-05 01:39:12,NinjaFloki,6.120092499E-9,3.132517972081e-06
2022-01-05 01:49:15,CarsAutoFinance,0.00000349489852583,0.00178981319667844
2022-01-05 02:29:25,DefiCliq,0.000058697481010337,0.030091185312989634
2022-01-05 02:49:29,Digichain,0.000001043293878415,0.000535201377030526
2022-01-05 02:59:32,NinjaFloki,6.012251914E-9,3.081503479851e-06
2022-01-05 03:09:35,OBRok Token,Error,Error
2022-01-05 03:29:40,OBRok Token,Error,Error
2022-01-05 03:49:46,CarsAutoFinance,0.000002210213049331,0.001133565316112947
2022-01-05 03:49:46,Ltradex,1.3068232961E-8,6.702383569533e-06
2022-01-05 04:09:52,ShopNEXT,0.000263043876173611,0.13486838822775146
2022-01-05 04:19:57,Surviving Soldiers,0.001576607854789674,0.8083697528089039
2022-01-05 04:19:57,Web3 Inu,2.4593479E-11,1.2609745835e-08
2022-01-05 04:40:05,Eroverse,1.71011430617E-7,8.776990397025e-05
2022-01-05 04:50:08,AceD,0.000002919450517525,0.001500413197761959
2022-01-05 04:50:08,Digichain,0.000001209003737698,0.000621351570542607
2022-01-05 05:10:14,TigerInu2022,0.000001717363276525,0.000883613532544471
2022-01-05 05:20:17,Surviving Soldiers,0.001664071885084436,0.8560539051691005
2022-01-05 05:20:17,Web3 Inu,2.4993725E-11,1.2857603393e-08
2022-01-05 05:30:20,Doge Rise Up,1.118263E-12,5.74704174e-10
2022-01-05 05:40:23,OBRok Token,Error,Error
2022-01-05 06:00:30,AnyPrinter,0.00000666714574603,0.003422640045968324
2022-01-05 06:10:33,Secured Ship,8.29213E-13,4.25599483e-10
2022-01-05 06:50:43,Ertha,0.00050534131047175,0.25812530251398763
2022-01-05 07:00:46,META BSC,7.427597236E-9,3.792729932027e-06
2022-01-05 07:20:51,Eroverse,1.61576833155E-7,8.2424492325389e-05
2022-01-05 07:50:57,Chip,0.000002704896424473,0.001374786249165501
2022-01-05 07:50:57,Earnfinex,0.000141779713069088,0.07206072593924365
2022-01-05 08:01:00,BALI TOKEN,2.8938419234E-8,1.4738643551642e-05
2022-01-05 08:01:00,GoldMiner,2.65457940455E-7,0.000135200541906197
2022-01-05 08:01:00,NinjaFloki,7.494966739E-9,3.817265977775e-06
2022-01-05 08:01:00,Shiba Dollars,1.3109228E-11,6.676668815e-09
2022-01-05 08:01:00,Ertha,0.000513376826242173,0.2614682574233519
2022-01-05 08:01:00,Green Chart,5.3959273609E-8,2.7481225279758e-05
2022-01-05 08:01:00,Terbo Game Coin,Error,Error
2022-01-05 08:01:00,Cryptogodz,0.000245850911695865,0.12521080877566326
2022-01-05 08:01:00,Fuse Network,0.002342200199482204,1.192872457818991
2022-01-05 08:01:00,Web3 Inu,3.03875E-11,1.5476222811e-08
2022-01-05 08:01:00,8PAY,0.000181313944897616,0.09234240998471904
2022-01-05 08:01:00,Ltradex,1.3870785662E-8,7.064331301904e-06
2022-01-05 08:01:00,DefiCliq,0.000066182227688604,0.03370632306507986
2022-01-05 08:11:03,BitTorrent,0.000006017301095817,0.003064501250473608
2022-01-05 08:11:03,Velas,0.000991725499668353,0.5050676350520182
2022-01-05 08:11:03,Fantom,0.006023584074816479,3.067701056614912
2022-01-05 08:21:05,Terbo Game Coin,Error,Error
2022-01-05 08:21:05,Ltradex,1.3876233885E-8,7.080301383361e-06
2022-01-05 08:41:09,Ertha,0.000509602617530821,0.26044869120250225
2022-01-05 08:41:09,BALI TOKEN,2.798839304E-8,1.4304362036907e-05
2022-01-05 08:41:09,Eroverse,1.9142635635E-7,9.7834552370855e-05
2022-01-05 08:41:09,OBRok Token,Error,Error
2022-01-05 09:11:17,8PAY,0.000203869437957486,0.10423714430599071
2022-01-05 09:21:20,Vikings Inu,1.5842922E-11,8.097415382e-09
2022-01-05 09:21:20,GoldMiner,2.53249671002E-7,0.000129437472845956
2022-01-05 09:41:25,8PAY,0.000208837146653889,0.10650659012864959
2022-01-05 09:51:28,Ertha,0.000559400603781579,0.2857164839715205
2022-01-05 10:11:33,Vikings Inu,1.6842977E-11,8.621143912e-09
2022-01-05 10:11:33,OBRok Token,Error,Error
2022-01-05 10:21:38,Miss Ape Yacht Club,2.62589113E-10,1.34221220106e-07
2022-01-05 10:41:44,MiniDOGE,2.1456148E-11,1.0975596395e-08
2022-01-05 10:41:44,GoldMiner,2.59219560137E-7,0.000132600189796707
2022-01-05 11:01:52,OBRok Token,Error,Error
2022-01-05 11:11:55,Crypto Chip Token,0.000018153937881773,0.009286748221889945
2022-01-05 11:21:58,MiniDOGE,2.144388E-11,1.0973265087e-08
2022-01-05 11:42:03,Terbo Game Coin,Error,Error
2022-01-05 11:42:03,Shiba Dollars,1.0682651E-11,5.458038115e-09
2022-01-05 11:42:03,NinjaFloki,6.331839202E-9,3.235097667594e-06
2022-01-05 12:02:08,Turtle Racing,0.001986503942018138,1.0143142207027367
2022-01-05 12:02:08,MiniDOGE,2.1489315E-11,1.0972501505e-08
2022-01-05 12:22:14,NinjaFloki,5.830813918E-9,2.977203292099e-06
2022-01-05 12:42:19,BALI TOKEN,2.4129366107E-8,1.2303276484657e-05
2022-01-05 12:52:21,Earnfinex,0.000217218757811158,0.1106192775439042
2022-01-05 12:52:21,MiniDOGE,2.1550407E-11,1.0974606633e-08
2022-01-05 13:02:24,TrustRiseV2,Error,Error
2022-01-05 13:02:24,ThreeFold,0.000183330574975324,0.09294016161383206
2022-01-05 13:22:30,Formation Fi,0.000137729417547343,0.06966114844303617
2022-01-05 13:32:33,MiniDOGE,2.1703766E-11,1.1018259857e-08
2022-01-05 13:52:38,ThreeFold,0.00018437162617099,0.0935156576768066
2022-01-05 13:52:38,Green Life Energy,0.000054750237601398,0.02777002396511821
2022-01-05 14:12:44,Terbo Game Coin,Error,Error
2022-01-05 14:12:44,Green Life Energy,0.000054067667720637,0.02739135811824821
2022-01-05 14:22:47,Shiba Dollars,8.869963E-12,4.474795048e-09
2022-01-05 14:32:50,NinjaFloki,6.195173065E-9,3.134612641241e-06
2022-01-05 14:42:53,TigerInu2022,0.000001454942756708,0.000733966595407818
2022-01-05 14:52:56,MiniDOGE,2.2750787E-11,1.1224034803e-08
2022-01-05 15:02:59,Green Life Energy,0.000049252081451283,0.024302272915663573
2022-01-05 15:13:02,MiniDOGE,2.2706354E-11,1.1044806716e-08
2022-01-05 15:33:08,Green Chart,7.9996180078E-8,3.9019463652351e-05
2022-01-05 15:43:11,ThreeFold,0.000171835239708036,0.08413690882279981
2022-01-05 15:43:11,ShibaJump,1.2520701E-11,6.132031943e-09
2022-01-05 15:53:14,Secured Ship,7.994E-13,3.88860015e-10
2022-01-05 15:53:14,MiniDOGE,2.2499232E-11,1.0944523469e-08
2022-01-05 16:03:17,Etherconnect,0.000007631153134069,0.003700869606514921
2022-01-05 16:03:17,Fuse Network,0.002392769432623677,1.1604180276583507
2022-01-05 16:13:21,MiniDOGE,2.2429811E-11,1.0918888589e-08
2022-01-05 16:13:21,Light DeFi,0.000001195751878092,0.00058209502633866
2022-01-05 16:23:24,CarsAutoFinance,0.000002810850329678,0.001369613162578788
2022-01-05 16:23:24,ShibaJump,1.4210399E-11,6.924150084e-09
2022-01-05 16:23:24,Ltradex,1.5513324465E-8,7.559012715217e-06
2022-01-05 16:33:27,MiniDOGE,2.2632669E-11,1.0918888589e-08
2022-01-05 16:43:29,BALI TOKEN,2.6542163954E-8,1.2792420633017e-05
2022-01-05 16:43:29,Green Life Energy,0.000044431335701399,0.02141439321066045
2022-01-05 16:53:32,Light DeFi,0.000001156723646898,0.000558367837699065
2022-01-05 17:03:35,OBRok Token,Error,Error
2022-01-05 17:13:37,ShibaJump,1.6331838E-11,7.812762174e-09
2022-01-05 17:23:40,Doge Rise Up,1.091554E-12,5.18808971e-10
2022-01-05 17:33:43,Earnfinex,0.000292154710290317,0.13535199128212852
2022-01-05 17:43:47,Turtle Racing,0.002708089288681565,1.2787003808076691
2022-01-05 17:53:50,OBRok Token,Error,Error
2022-01-05 18:03:52,TrustRiseV2,Error,Error
2022-01-05 18:03:52,Green Chart,8.3791156482E-8,3.9880113842822e-05
2022-01-05 18:13:55,MiniDOGE,2.2887356E-11,1.0871425123e-08
2022-01-05 18:23:58,QuadrantProtocol,Error,Error
2022-01-05 18:23:58,HorizonDollar,1.17110568682E-7,5.5863808507471e-05
2022-01-05 18:34:03,Doge Rise Up,1.092396E-12,5.2056218e-10
2022-01-05 18:34:03,Earnfinex,0.000298484248269847,0.1422317532763611
2022-01-05 18:54:08,BitCore,Error,Error
2022-01-05 18:54:08,HeroesOfCrypton,3.150997E-12,1.498188481e-09
2022-01-05 18:54:08,HorizonDollar,1.19512099254E-7,5.6823808996091e-05
2022-01-05 19:04:12,Earnfinex,0.000298484248269847,0.1409225103677653
2022-01-05 19:04:12,Lightbeam Courier Coin,0.019788401047389593,9.342640919668145
2022-01-05 19:14:15,TrustRiseV2,Error,Error
2022-01-05 19:14:15,HeroesOfCrypton,3.073801E-12,1.458616009e-09
2022-01-05 19:14:15,Green Chart,8.03891333E-8,3.8147197299068e-05
2022-01-05 19:34:20,QuadrantProtocol,Error,Error
2022-01-05 19:44:22,Fuse Network,0.003164398028597867,1.4955738411775699
2022-01-05 19:44:22,Earnfinex,0.00034587302862947,0.16346826452053503
2022-01-05 20:04:25,TrustRiseV2,Error,Error
2022-01-05 20:24:31,Earnfinex,0.000414412033098481,0.19573230303090972
2022-01-05 20:24:31,Green Life Energy,0.000053365711134553,0.025205333602767423
2022-01-05 20:34:35,MiniDOGE,2.2424362E-11,1.056922914e-08
2022-01-05 20:34:35,Project Inverse,0.000030217159715973,0.01424219241612104
2022-01-05 20:44:38,Earnfinex,0.000196185463292225,0.09236917647930176
2022-01-05 20:44:38,Green Life Energy,0.00004895748333016,0.023050445949556193
2022-01-05 20:54:40,Turtle Racing,0.002636144785294112,1.2351286042354184
2022-01-05 20:54:40,BALI TOKEN,2.7585794738E-8,1.2924936574705e-05
2022-01-05 21:14:46,Light DeFi,0.000001196901918981,0.000560885958915798
2022-01-05 21:24:49,ERC20,0.000093634838581896,0.04377839387250152
2022-01-05 21:24:49,AceD,0.000003850085210785,0.001800083701250038
2022-01-05 21:34:53,Shiba Dollars,1.0989575E-11,5.137669495e-09
2022-01-05 21:44:56,Ainu Token,8.014E-15,3.746985e-12
2022-01-05 21:44:56,MiniDOGE,2.1681516E-11,1.0137635335e-08
2022-01-05 22:05:11,QuadrantProtocol,Error,Error
2022-01-05 22:05:11,NinjaFloki,9.662341782E-9,4.504439292676e-06
2022-01-05 22:05:11,ERC20,0.0000985281301303,0.04593234133008603
2022-01-05 22:05:11,MoonRock,0.000010257965590854,0.004782110208001107
2022-01-05 22:05:11,Green Chart,9.3268303018E-8,4.3480288561462e-05
2022-01-05 22:05:11,MiniTesla,1.572949E-12,7.33285287e-10
2022-01-05 22:05:11,Cryptogodz,0.000234928468864645,0.10952014014449402
2022-01-05 22:05:11,Fuse Network,0.003740204085999135,1.7436272310770577
2022-01-05 22:05:11,Earnfinex,0.000509121785082166,0.23734496513889755
2022-01-05 22:05:11,Project Inverse,0.00002892678610001,0.013485349970421692
2022-01-05 22:05:11,Web3 Inu,8.2758101E-11,3.8580917874e-08
2022-01-05 22:05:11,DefiCliq,0.000049633069665995,0.02313839194711087
2022-01-05 22:05:11,OBRok Token,Error,Error
2022-01-05 22:15:18,USD Coin,0.002144627840295845,1.001010753733272
2022-01-05 22:15:18,PancakeSwap,0.024170153009756836,11.28131668061813
2022-01-05 22:15:18,Uniswap,0.035977827598026894,16.792498849725217
2022-01-05 22:15:18,TerraUSD,0.002145184873111916,1.0012559656646798
2022-01-05 22:25:22,MiniDOGE,2.173582E-11,1.0137635335e-08
2022-01-05 22:45:25,NinjaFloki,9.802565468E-9,4.592122975861e-06
2022-01-05 23:05:30,MiniDOGE,2.1942081E-11,1.0171196531e-08
2022-01-05 23:05:30,OBRok Token,Error,Error
2022-01-05 23:15:32,Cryptogodz,0.000221781336709006,0.1033062001946654
2022-01-05 23:15:32,Earnfinex,0.000318578853411488,0.14839468143118018
2022-01-05 23:15:32,AscentPad,0.000211093634820914,0.09832784679822615
2022-01-05 23:35:38,Project Inverse,0.000028059543187442,0.01303419914286079
2022-01-05 23:45:42,Lady Uni,0.000038919924648333,0.01801418192413415
2022-01-05 23:45:42,MiniDOGE,2.1966139E-11,1.0167080896e-08
2022-01-05 23:45:42,QuadrantProtocol,Error,Error
2022-01-05 23:45:42,Earnfinex,0.000330410454989523,0.15293128390144978
2022-01-05 23:45:42,Web3 Inu,1.05503225E-10,4.8832424457e-08
2022-01-05 23:45:42,BerylBit,0.000030771997532964,0.01424289401216918
2022-01-05 23:45:42,ERC20,0.000101729748998528,0.04708586211598646
2022-01-05 23:45:42,HorizonDollar,1.21813998336E-7,5.6381905842924e-05
2022-01-05 23:45:42,MoonRock,0.000010734761807735,0.00496861065030518
2022-01-05 23:45:42,Green Chart,9.7500933287E-8,4.5128544463612e-05
2022-01-05 23:45:42,MiniTesla,1.854317E-12,8.58274939e-10
2022-01-05 23:55:46,Pax Dollar,Error,Error
2022-01-05 23:55:46,USD Coin,0.002153762248804344,1.0001948795819402
2022-01-06 00:05:50,BerylBit,0.000030312308973362,0.01412110448364895
2022-01-06 00:05:50,Ricnatum,1.11052513465E-7,5.1734235989361e-05
2022-01-06 00:05:50,Earnfinex,0.000318697610678074,0.14846649468468912
2022-01-06 00:05:50,BitCore,Error,Error
2022-01-06 00:15:53,HorizonDollar,1.23374057355E-7,5.7695052003814e-05
2022-01-06 00:25:56,Earnfinex,0.000266689424590533,0.12504082619676435
2022-01-06 00:35:59,Lady Uni,0.000039253215513284,0.018442217972898377
2022-01-06 00:35:59,Lil Floki,2.076258E-12,9.75481889e-10
2022-01-06 00:35:59,MiniDOGE,2.1758301E-11,1.0222635958e-08
2022-01-06 00:35:59,QuadrantProtocol,Error,Error
2022-01-06 00:35:59,SurfMoon,8.59932E-13,4.04015538e-10
2022-01-06 00:35:59,Web3 Inu,9.3487227E-11,4.3922432432e-08
2022-01-06 00:35:59,BerylBit,0.000027165702747907,0.012763066954345478
2022-01-06 00:35:59,ERC20,0.00009969218146271,0.046837661393882055
2022-01-06 00:35:59,CorionX,Error,Error
2022-01-06 00:35:59,MoonRock,0.000010216202024627,0.004799804800539281
2022-01-06 00:35:59,Green Chart,1.02956883216E-7,4.8371492763709e-05
2022-01-06 00:35:59,MiniTesla,1.357157E-12,6.3762346e-10
2022-01-06 00:46:03,Pax Dollar,Error,Error
2022-01-06 00:46:03,USD Coin,0.002137926799109953,1.0014187469475002
2022-01-06 00:46:03,TerraUSD,0.002140490710590838,1.002615046992891
2022-01-06 00:56:09,SurfMoon,8.60913E-13,4.03219609e-10
2022-01-06 00:56:09,ERC20,0.000099996645916859,0.046834721430589275
2022-01-06 00:56:09,Lady Uni,0.000039267238713672,0.018391318725153327
2022-01-06 00:56:09,NFT Starter,8.141104854E-9,3.812991670881e-06
2022-01-06 01:06:12,Earnfinex,0.000295575419365208,0.13840780537243969
2022-01-06 01:06:12,Lil Floki,2.12073E-12,9.93065166e-10
2022-01-06 01:16:15,MiniDOGE,2.1821635E-11,1.0215335541e-08
2022-01-06 01:26:18,Earnfinex,0.000295575419365208,0.13898308889177896
2022-01-06 01:46:23,Earnfinex,0.000333603784865528,0.15623143762806332
2022-01-06 01:46:23,XL-Moon,Error,Error
2022-01-06 02:56:42,BALI TOKEN,3.1239245142E-8,1.470115222179e-05
2022-01-06 02:56:42,Lil Floki,2.160431E-12,1.016696122e-09
2022-01-06 03:26:53,ThreeFold,0.000200714286375623,0.09423597765202223
2022-01-06 03:36:56,CarsAutoFinance,0.000002464675365256,0.001155461115567403
2022-01-06 03:36:56,QuadrantProtocol,Error,Error
2022-01-06 03:36:56,Earnfinex,0.000432303535742363,0.2026676343319279
2022-01-06 03:36:56,Green Life Energy,0.000052643180751401,0.024679578177109664
2022-01-06 03:36:56,Web3 Inu,9.5089431E-11,4.4578747208e-08
2022-01-06 03:36:56,NinjaFloki,9.488948763E-9,4.448501201236e-06
2022-01-06 03:36:56,IDEAS,0.000003026731826616,0.001418958042996366
2022-01-06 03:36:56,BerylBit,0.000025086872393828,0.011760942625910214
2022-01-06 03:36:56,Metaland DAO,1.6729281756E-8,7.842831893056e-06
2022-01-06 03:36:56,MoonRock,0.000011605098711277,0.005440570588820635
2022-01-06 03:36:56,XcelDefi,0.000105123132583445,0.04928263322589504
2022-01-06 03:36:56,Green Chart,1.0370347593E-7,4.8617085915449e-05
2022-01-06 03:36:56,MiniTesla,1.492976E-12,6.99926255e-10
2022-01-06 03:57:03,Pax Dollar,Error,Error
2022-01-06 03:57:03,Binance USD,0.002138347078130164,1.000110672828023
2022-01-06 03:57:03,TerraUSD,0.002152391861753649,1.00667945585818
2022-01-06 04:07:08,CarsAutoFinance,0.00000145416969527,0.000678939461296421
2022-01-06 04:07:08,Fuse Network,0.003609048635715879,1.6850341088080378
2022-01-06 04:07:08,QuadrantProtocol,Error,Error
2022-01-06 04:07:08,Earnfinex,0.000432303535742363,0.20184155953693464
2022-01-06 04:07:08,Green Life Energy,0.000052647605548396,0.024581049959551144
2022-01-06 04:07:08,HeroFi (ROFI),0.000016251461981258,0.007587771461131868
2022-01-06 04:07:08,Web3 Inu,1.06104983E-10,4.9540180599e-08
2022-01-06 04:07:08,NinjaFloki,9.664659951E-9,4.512408240202e-06
2022-01-06 04:07:08,IDEAS,0.000002455546962891,0.001146489416643277
2022-01-06 04:07:08,Metaland DAO,1.3116234862E-8,6.123940890816e-06
2022-01-06 04:07:08,MoonRock,0.00001139856324503,0.005321963832441195
2022-01-06 04:07:08,XcelDefi,0.000105553368905426,0.04928263322589504
2022-01-06 04:07:08,Green Chart,1.03489513688E-7,4.8319023814316e-05
2022-01-06 04:07:08,MiniTesla,1.410864E-12,6.58729166e-10
2022-01-06 04:17:12,TrueUSD,0.002137226269987669,0.9972591868098988
2022-01-06 04:17:12,TerraUSD,0.002152575625591124,1.0044214073487872
2022-01-06 04:37:19,QuadrantProtocol,Error,Error
2022-01-06 04:37:19,NinjaFloki,9.506259307E-9,4.404687356721e-06
2022-01-06 04:37:19,IDEAS,0.00000248783419681,0.001152728058268531
2022-01-06 04:37:19,SPLASH,8.86713261E-10,4.10855054703e-07
2022-01-06 04:37:19,BerylBit,0.000025015990012662,0.011591059255451308
2022-01-06 04:37:19,Green Chart,1.05669425124E-7,4.8961506919336e-05
2022-01-06 04:37:19,CarsAutoFinance,0.00000145416969527,0.000673783731798287
2022-01-06 04:37:19,Fuse Network,0.003683049400436674,1.7065262585893155
2022-01-06 04:37:19,Green Life Energy,0.000052602348724205,0.02437308860171283
2022-01-06 04:37:19,HeroFi (ROFI),0.000016376036987367,0.007587771461131868
2022-01-06 04:37:19,Digichain,0.000001756928424611,0.000814065782203409
2022-01-06 04:37:19,Metaland DAO,1.4428857819E-8,6.685553754998e-06
2022-01-06 04:57:25,CarsAutoFinance,0.000002412417159185,0.001112130648482362
2022-01-06 04:57:25,Fuse Network,0.00361636551993256,1.667154005897732
2022-01-06 04:57:25,QuadrantProtocol,Error,Error
2022-01-06 04:57:25,Earnfinex,0.000344868913762041,0.1589854753118841
2022-01-06 04:57:25,Green Life Energy,0.000051688320804776,0.023828451690750638
2022-01-06 04:57:25,Web3 Inu,1.12086705E-10,5.1672265531e-08
2022-01-06 04:57:25,NinjaFloki,9.726114222E-9,4.483764209448e-06
2022-01-06 04:57:25,HeroFi (ROFI),0.000016459280299296,0.007587771461131868
2022-01-06 04:57:25,IDEAS,0.000003056551081833,0.001409078079144026
2022-01-06 04:57:25,Chipz,0.000171240874419452,0.07894249300528207
2022-01-06 04:57:25,Metaland DAO,1.6319502677E-8,7.523333610098e-06
2022-01-06 04:57:25,MoonRock,0.000011148553731843,0.005139512560764272
2022-01-06 04:57:25,Green Chart,1.05289987301E-7,4.8538960772318e-05
2022-01-06 04:57:25,MiniTesla,1.415015E-12,6.52325838e-10
2022-01-06 05:07:29,Pax Dollar,Error,Error
2022-01-06 05:07:29,Tether,0.002165213222761004,1.0009327235532322
2022-01-06 05:07:29,TerraUSD,0.002175733164788988,1.0057958724177423
2022-01-06 05:17:32,Earnfinex,0.000344868913762041,0.15914456644324534
2022-01-06 05:27:35,Digichain,0.000001836192256044,0.000846773723139143
2022-01-06 05:27:35,NFT Starter,8.082538014E-9,3.727322552316e-06
2022-01-06 05:27:35,Green Chart,9.0893057713E-8,4.1916009956924e-05
2022-01-06 05:37:38,Earnfinex,0.000671039947805077,0.31056532867763514
2022-01-06 05:47:42,IDEAS,0.000002563441152074,0.001185518930549952
2022-01-06 05:57:45,FlameMetaverse,1.48577746E-9,6.88788773121e-07
2022-01-06 05:57:45,NFT Starter,8.09497455E-9,3.752733998362e-06
2022-01-06 05:57:45,Fuse Network,0.003433182488673709,1.5915826007593292
2022-01-06 06:07:50,Xtremcoin,Error,Error
2022-01-06 06:17:54,Earnfinex,0.000606973073594475,0.28125782594618065
2022-01-06 06:17:54,CarsAutoFinance,0.000003570743851043,0.001654603303253151
2022-01-06 06:27:57,Digichain,0.000001872415776124,0.000867622050174853
2022-01-06 06:38:00,CryptoPlanes,0.001442654739386036,0.6662556191757376
2022-01-06 06:38:00,Fuse Network,0.003420083441959209,1.579483814834981
2022-01-06 06:38:00,ApolloX,0.000263458561134827,0.121672041122421
2022-01-06 06:48:04,XcelDefi,0.00012557770301048,0.057891832163006716
2022-01-06 06:48:04,Chipz,0.00017587822584117,0.08108057790063786
2022-01-06 06:48:04,CarsAutoFinance,0.000002555747548197,0.001178210021080638
2022-01-06 07:08:11,HorizonDollar,1.25859114501E-7,5.822301392612e-05
2022-01-06 07:18:15,ERC20,0.000098741284640873,0.04558845195391339
2022-01-06 07:18:15,WALTERINU,7.358826432E-9,3.3975404152e-06
2022-01-06 07:18:15,Ftribe Fighters (F2 NFT),0.000225749550033349,0.104227654650675
2022-01-06 07:28:18,HeroFi (ROFI),0.000016468862401258,0.007587771461131868
2022-01-06 07:38:22,NinjaFloki,8.071836389E-9,3.715283831599e-06
2022-01-06 07:38:22,Earnfinex,0.000595739152852259,0.2742052657821621
2022-01-06 07:38:22,HorizonDollar,1.25859114501E-7,5.7930105445805e-05
2022-01-06 07:48:26,Xtremcoin,Error,Error
2022-01-06 07:48:26,iPulse,0.000214849478037792,0.09905709875466737
2022-01-06 08:08:32,Web3 Inu,9.0379667E-11,4.1948661489e-08
2022-01-06 08:18:37,NFT Starter,8.096456673E-9,3.763015317189e-06
2022-01-06 08:18:37,Earnfinex,0.000601068026154858,0.27936025354358246
2022-01-06 08:38:43,CryptoPlanes,0.001466633804585206,0.6816111325287699
2022-01-06 08:38:43,Earnfinex,0.000998315553390713,0.4639624375494184
2022-01-06 08:48:46,Shakita Inu,0.000001182301582447,0.000550472981331704
2022-01-06 08:58:50,India Coin,1.453743077E-9,6.79952310851e-07
2022-01-06 09:08:53,Web3 Inu,1.03431743E-10,4.8397464328e-08
2022-01-06 09:08:53,Earnfinex,0.000998315553390713,0.4671287560636839
2022-01-06 09:18:56,HeroFi (ROFI),0.000016218331527895,0.007587771461131868
2022-01-06 09:18:56,Green Life Energy,0.00005407831474934,0.02530062310142058
2022-01-06 09:28:59,iPulse,0.000211928093307479,0.09908183551238402
2022-01-06 09:49:06,QuadrantProtocol,0.000026803115810137,0.012605669300255416
2022-01-06 09:59:09,Earnfinex,0.002978158563604591,1.3997188541954229
2022-01-06 09:59:09,iPulse,0.000226602213812052,0.10650184813909158
2022-01-06 09:59:09,SHIRO INU,1.31260029439E-7,6.1691523162445e-05
2022-01-06 09:59:09,OBRok Token,Error,Error
2022-01-06 10:19:15,Green Chart,9.8162589498E-8,4.5940695987056e-05
2022-01-06 10:19:15,OBRok Token,Error,Error
2022-01-06 10:29:21,Cino Games,5.9243863966E-8,2.7765576825349e-05
2022-01-06 10:29:21,Gamma,0.000069774400733036,0.03270087996127629
2022-01-06 10:39:24,SHIRO INU,1.49607787113E-7,7.0265788849532e-05
2022-01-06 10:59:33,CarsAutoFinance,0.000002327952411839,0.001097274902196286
2022-01-06 10:59:33,Earnfinex,0.001050035244832767,0.494931646676628
2022-01-06 10:59:33,HeroFi (ROFI),0.000016098035996333,0.007587771461131868
2022-01-06 11:09:37,OBRok Token,Error,Error
2022-01-06 11:19:40,RPS LEAGUE,0.002605145257501656,1.232873223909775
2022-01-06 11:19:40,Earnfinex,0.000562144426279829,0.2660323101503999
2022-01-06 11:29:42,MiniFlokiADA,1.156187496E-9,5.44826171298e-07
2022-01-06 11:39:48,India Coin,1.475196265E-9,6.94577259437e-07
2022-01-06 11:49:51,Baby Tiger King,8.5759E-13,4.03937635e-10
2022-01-06 12:20:01,Versus Farm,0.001754907464299333,0.829330711783044
2022-01-06 12:30:04,Earnfinex,0.000515323798599066,0.24390635424784138
2022-01-06 12:30:04,ApolloX,0.00025755556862611,0.12190285007329761
2022-01-06 12:40:07,Digichain,0.000001943057761321,0.000920061884293752
2022-01-06 12:40:07,Ninneko,0.000181328199498985,0.08586114536974612
2022-01-06 12:50:10,BerylBit,0.00002983536455572,0.014146450178069621
2022-01-06 12:50:10,ApolloX,0.00025672411328251,0.12172584220573321
2022-01-06 13:00:13,Versus Farm,0.001786003718091602,0.8471185684503254
2022-01-06 13:10:17,AquaGoat.Finance,2.7360954E-11,1.2985781767e-08
2022-01-06 13:10:17,AceD,0.000003466796594224,0.001645376267016463
2022-01-06 13:20:20,Digichain,0.00000198201398698,0.000944399293946201
2022-01-06 13:30:22,BerylBit,0.00002986317382312,0.014227435316222115
2022-01-06 13:40:25,NinjaFloki,1.0448659502E-8,4.979464422641e-06
2022-01-06 13:40:25,Earnfinex,0.000439433708313365,0.20941868343812403
2022-01-06 13:50:28,AquaGoat.Finance,2.7673356E-11,1.3268850668e-08
2022-01-06 13:50:28,MoonRock,0.000009144914745189,0.004384813688571657
2022-01-06 13:50:28,OBRok Token,Error,Error
2022-01-06 14:00:31,Digichain,0.000001829705064589,0.000877990257540931
2022-01-06 14:00:31,ApolloX,0.000254671752950362,0.1222051150695023
2022-01-06 14:10:35,GamingShiba,2.89678E-13,1.38902053e-10
2022-01-06 14:20:41,Xtremcoin,0.204431544297347141,97.95775629997276
2022-01-06 14:20:41,Torekko,0.000050250201610801,0.02407846118041192
2022-01-06 14:30:44,PRIVATEUM INITIATIVE,0.002251141313750949,1.0780078411226555
2022-01-06 14:40:48,Lunar,1.8692652E-11,8.948201737e-09
2022-01-06 14:40:48,Earnfinex,0.000419971393563378,0.20104096535961893
2022-01-06 14:50:51,PRIVATEUM INITIATIVE,0.002254265999226169,1.0780078411226555
2022-01-06 14:50:51,OBRok Token,Error,Error
2022-01-06 15:00:54,BerylBit,0.000028995065948503,0.013858286755203182
2022-01-06 15:11:01,MiniFlokiADA,1.166169895E-9,5.57754808817e-07
2022-01-06 15:11:01,Earnfinex,0.000419971393563378,0.2008635837133894
2022-01-06 15:21:12,Empire Capital Token,0.000239849015533299,0.1142744589677749
2022-01-06 15:21:12,ApolloX,0.000277885063818347,0.13239647972896745
2022-01-06 15:21:12,OBRok Token,Error,Error
2022-01-06 15:21:12,NinjaFloki,9.808628164E-9,4.673255273447e-06
2022-01-06 15:31:16,Muslim Coins,0.000083619144749853,0.039848485660310067
2022-01-06 15:41:19,Lil Floki,2.943273E-12,1.402401944e-09
2022-01-06 15:41:19,GovWorld,0.001347110179623113,0.6418670830680033
2022-01-06 15:41:19,Earnfinex,0.000419971393563378,0.20010673027053152
2022-01-06 15:41:19,Web3 Inu,7.8490755E-11,3.7399043162e-08
2022-01-06 15:41:19,NinjaFloki,9.390998462E-9,4.47459523445e-06
2022-01-06 15:41:19,ApolloX,0.000275042087218943,0.1310512420695611
2022-01-06 15:51:31,ApeBoys,8.516637998E-9,4.058011160934e-06
2022-01-06 16:01:34,AceD,0.000003846791121188,0.001833136613194213
2022-01-06 16:11:38,BerylBit,0.000028362983026202,0.013510593739392795
2022-01-06 16:11:38,Muslim Coins,0.000086702670485471,0.041300470968355735
2022-01-06 16:11:38,Green Chart,1.03606427981E-7,4.9352508371661e-05
2022-01-06 16:21:41,Earnfinex,0.000485001774208819,0.23090677520142913
2022-01-06 16:21:41,OBRok Token,Error,Error
2022-01-06 16:31:45,Xtremcoin,0.204431544297347141,97.45842111575045
2022-01-06 16:31:45,CarsAutoFinance,0.000004019549705134,0.001916235428368456
2022-01-06 16:41:48,SafeMoon,1.357311608E-9,6.44860632173e-07
2022-01-06 16:41:48,Paybswap,0.00000807157196316,0.003834815062077037
2022-01-06 16:41:48,Earnfinex,0.000423324208499114,0.20112192003039417
2022-01-06 16:51:51,NinjaFloki,9.318990665E-9,4.426215782518e-06
2022-01-06 17:01:55,Godzilla LaunchPad,4.75007E-12,2.254651014e-09
2022-01-06 17:01:55,OBRok Token,Error,Error
2022-01-06 17:11:58,SafeMoon,1.358886731E-9,6.44860632173e-07
2022-01-06 17:11:58,MiniTesla,1.767803E-12,8.38912007e-10
2022-01-06 17:22:01,Earnfinex,0.000414653987410407,0.196723588366982
2022-01-06 17:32:04,Xtremcoin,0.204431544297347141,97.00844680493391
2022-01-06 17:52:10,ApolloX,0.000283739052302321,0.13482191402703517
2022-01-06 18:02:13,Earnfinex,0.000432406340257576,0.20560142183870186
2022-01-06 18:12:16,SmashCash,0.00000393806842935,0.001871341737956519
2022-01-06 18:12:16,Empire Capital Token,0.000260191182147549,0.1236409746900659
2022-01-06 18:12:16,SafeMoon,1.35705053E-9,6.44860632173e-07
2022-01-06 18:22:20,AceD,0.000003799586944547,0.001803449156684264
2022-01-06 18:22:20,ApolloX,0.000284048808627258,0.13482191402703517
2022-01-06 18:32:25,OBRok Token,Error,Error
2022-01-06 18:32:25,Earnfinex,0.000432406340257576,0.20528221231626456
2022-01-06 18:32:25,The Winkyverse,0.000038711513198456,0.018378049375398973
2022-01-06 18:42:29,AceD,0.000003799586944547,0.001804644857222758
2022-01-06 18:52:32,OBRok Token,Error,Error
2022-01-06 18:52:32,Lil Floki,3.134324E-12,1.478182088e-09
2022-01-06 19:13:01,LunaChow,3.224345374E-9,1.517835762266e-06
2022-01-06 19:13:01,Xtremcoin,0.204431544297347141,96.23457567583073
2022-01-06 19:13:01,Fantasy Girl,1.46021329E-10,6.8738416704e-08
2022-01-06 19:13:01,Earnfinex,0.000439378231615701,0.20683392001007644
2022-01-06 19:13:01,OBRok Token,Error,Error
2022-01-06 19:23:10,SafeMoon,1.372229118E-9,6.44860632173e-07
2022-01-06 19:23:10,AnyPrinter,0.000006372339065747,0.00299459510397977
2022-01-06 19:43:38,SmashCash,0.000003958684536131,0.001858045099315422
2022-01-06 19:43:38,Metaland DAO,8.806501299E-9,4.133412610017e-06
2022-01-06 19:43:38,India Coin,1.267121034E-9,5.94734944379e-07
2022-01-06 19:53:42,Earnfinex,0.000442093980457948,0.20732139369330146
2022-01-06 19:53:42,Empire Capital Token,0.000264433138902077,0.12400669466277403
2022-01-06 20:03:46,LunaChow,3.299520112E-9,1.5480724013e-06
2022-01-06 20:03:46,ApolloX,0.000287136635125466,0.13471907585847162
2022-01-06 20:13:50,SafeMoon,1.373781617E-9,6.44860632173e-07
2022-01-06 20:13:50,Earnfinex,0.000442093980457948,0.20752134128958283
2022-01-06 20:23:53,Empire Capital Token,0.000262521455118803,0.12319097304414492
2022-01-06 20:33:57,AceD,0.0000037863557901,0.001777965228063729
2022-01-06 20:44:00,AquaGoat.Finance,3.4656786E-11,1.6265511483e-08
2022-01-06 20:54:04,SmashCash,0.000003979522625439,0.001869351725315357
2022-01-06 21:04:08,SafeMoon,1.372218151E-9,6.44860632173e-07
2022-01-06 21:04:08,Earnfinex,0.000425010575146088,0.19972960417728766
2022-01-06 21:24:15,SafeMoon,1.372464907E-9,6.44860632173e-07
2022-01-06 21:24:15,India Coin,1.272140699E-9,5.97722718523e-07
2022-01-06 21:24:15,Vulkania,0.000798547779416954,0.3752023263327037
2022-01-06 21:34:19,Baby Shitcoin,Error,Error
2022-01-06 21:34:19,Earnfinex,0.000425010575146088,0.19963782669036342
2022-01-06 21:34:19,Lil Floki,3.22114E-12,1.513048169e-09
2022-01-06 21:44:22,India Coin,1.249727412E-9,5.86303942088e-07
2022-01-06 21:44:22,OBRok Token,Error,Error
2022-01-06 21:54:26,Lil Floki,3.235741E-12,1.517894839e-09
2022-01-06 22:14:32,SafeMoon,1.383405961E-9,6.44860632173e-07
2022-01-06 22:44:45,SafeMoon,1.416416515E-9,6.44860632173e-07
2022-01-06 22:44:45,ApeBoys,7.886661315E-9,3.5906086568e-06
2022-01-06 22:44:45,WALTERINU,1.0756910749E-8,4.897364716582e-06
2022-01-06 22:54:48,Elon GOAT,0.000005555534771762,0.002532606454866454
2022-01-06 22:54:48,Earnfinex,0.00034868209766048,0.15895401028175796
2022-01-06 23:04:52,Operon Origins,0.000485943295181814,0.2200870222298204
2022-01-06 23:14:55,BerylBit,0.000035141415168456,0.015859307942355336
2022-01-06 23:14:55,Elon GOAT,0.00000557416248011,0.002515617509113367
2022-01-06 23:24:57,Earnfinex,0.000227011476620002,0.10095537052634228
2022-01-06 23:24:57,OBRok Token,Error,Error
2022-01-06 23:35:03,SmashCash,0.000003961427665717,0.00175466578101534
2022-01-06 23:35:03,Ninneko,0.000186449701121989,0.08258560752492705
2022-01-06 23:45:08,SafeMoon,1.45118805E-9,6.44860632173e-07
2022-01-06 23:45:08,Elon GOAT,0.000004839277407146,0.002150417024927729
2022-01-06 23:45:08,Xenoverse Crypto,0.000011649956473328,0.00517686064099531
2022-01-06 23:55:12,SmashCash,0.000003921761838281,0.001754190554199829
2022-01-06 23:55:12,Paybswap,0.000008081308869414,0.003614741605652785
2022-01-06 23:55:12,Earnfinex,0.000227011476620002,0.101541451113787
2022-01-07 00:05:17,PRIVATEUM INITIATIVE,0.002253059389597426,1.0108153738057675
2022-01-07 00:15:23,BerylBit,0.000036858920236223,0.016522800565407485
2022-01-07 00:15:23,Earnfinex,0.000234208827126633,0.10498912383950741
2022-01-07 00:15:23,SafeMoon,1.438549507E-9,6.44860632173e-07
2022-01-07 00:35:32,SmashCash,0.000003895944304608,0.001748929097496259
2022-01-07 00:35:32,PRIVATEUM INITIATIVE,0.002272007288031511,1.0199272230514198
2022-01-07 00:35:32,CarsAutoFinance,0.000001835176766684,0.000823829550773306
2022-01-07 01:05:41,Metaland DAO,1.2830003068E-8,5.745511272563e-06
2022-01-07 01:05:41,Empire Capital Token,0.00025614803286609,0.1147077987812855
2022-01-07 01:15:44,SafeMoon,1.445138347E-9,6.44860632173e-07
2022-01-07 01:15:44,Earnfinex,0.000318206005339854,0.14199230557323628
2022-01-07 01:25:46,AquaGoat.Finance,3.263438E-11,1.4505088429e-08
2022-01-07 01:35:49,BullDog Coin,2.3323561E-11,1.0362503224e-08
2022-01-07 01:55:55,Earnfinex,0.000384099296911959,0.1694251480340253
2022-01-07 02:05:59,BerylBit,0.000042636253121552,0.018766330417437024
2022-01-07 02:16:02,Ninneko,0.000214328835293241,0.09398445534146804
2022-01-07 02:26:05,BullDog Coin,1.7749227E-11,7.840308081e-09
2022-01-07 02:36:07,AquaGoat.Finance,3.2138308E-11,1.4270196448e-08
2022-01-07 03:06:17,Metaland DAO,1.1532818561E-8,5.162633500134e-06
2022-01-07 03:06:17,Paybswap,0.000008178702625059,0.003661173020001239
2022-01-07 03:16:20,No COVID19,0.000016754184873194,0.007501427851977984
2022-01-07 03:16:20,Earnfinex,0.000451792673919269,0.2022832010693654
2022-01-07 03:16:20,Vulkania,0.000736016170611146,0.3295398877066404
2022-01-07 03:36:26,Community Token,Error,Error
2022-01-07 03:36:26,MetaNet,4.678837E-12,2.127403858e-09
2022-01-07 03:46:32,AquaGoat.Finance,3.2034516E-11,1.4527434254e-08
2022-01-07 04:26:49,Doge Raca,4.347367362E-9,1.981430680701e-06
2022-01-07 04:26:49,PolkaCipher,0.000060058477778089,0.02737328148255545
2022-01-07 04:56:58,PAPPAY,1.761161274E-9,8.03028353693e-07
2022-01-07 04:56:58,MetaNet,4.342488E-12,1.980023527e-09
2022-01-07 05:07:04,Web3 Inu,5.6923517E-11,2.5935362422e-08
2022-01-07 05:07:04,Digichain,0.00000305485847816,0.001391847624275333
2022-01-07 05:17:10,Ninneko,0.00022436723250454,0.1022315415816492
2022-01-07 05:17:10,WALTERINU,1.1375995742E-8,5.183402089146e-06
2022-01-07 05:27:13,PAPPAY,1.812332622E-9,8.2412823636e-07
2022-01-07 05:27:13,Earnfinex,0.000263986143360396,0.12004332546524979
2022-01-07 05:27:13,Zenon,0.033007161904713674,15.009460075343393
2022-01-07 05:37:16,Ninneko,0.000227746188020984,0.1035134945028817
2022-01-07 05:37:16,WALTERINU,1.1376895136E-8,5.170941311063e-06
2022-01-07 05:47:19,Earnfinex,0.000235301780283128,0.10683448031865043
2022-01-07 06:17:28,WALTERINU,1.0856648111E-8,4.909227368533e-06
2022-01-07 06:17:28,Empire Capital Token,0.000276063917957493,0.124832317275862
2022-01-07 06:27:30,The Dynasty,0.000065373450480829,0.029623530909405896
2022-01-07 06:37:35,Earnfinex,0.000235301780283128,0.10655972881789855
2022-01-07 06:47:37,OBRok Token,Error,Error
2022-01-07 06:57:40,Earnfinex,0.000235301780283128,0.10658974370461909
2022-01-07 07:07:43,Digichain,0.00000324039444518,0.001470122113151475
2022-01-07 07:27:49,Operon Origins,0.000513298957859796,0.23329044415751604
2022-01-07 07:27:49,Digichain,0.00000307036198628,0.001395456001878631
2022-01-07 08:08:00,Ninneko,0.000201483498506319,0.09138874923449243
2022-01-07 08:08:00,OBRok Token,Error,Error
2022-01-07 08:28:09,Mars Floki Inu,1.019695E-12,4.6038051e-10
2022-01-07 08:38:12,Bomb Money,2.119126841910908319,963.0774540836885
2022-01-07 08:38:12,OBRok Token,Error,Error
2022-01-07 08:48:22,Ninneko,0.000196673771675066,0.0876153365889287
2022-01-07 08:58:25,Operon Origins,0.00049717182544815,0.221312603884274
2022-01-07 09:18:31,Operon Origins,0.000514014236984432,0.23010916062091583
2022-01-07 09:28:33,Bomb Money,2.125123221239645593,953.3061892762813
2022-01-07 09:28:33,Earnfinex,0.000191374642678631,0.08584849551907564
2022-01-07 09:28:33,OBRok Token,Error,Error
2022-01-07 09:38:37,Zenon,0.032884620531445313,14.723419963564522
2022-01-07 09:58:43,Dragon Infinity,4.2939095E-11,1.9339799124e-08
2022-01-07 10:08:47,VELOREX,0.000008295586108444,0.003715854834759509
2022-01-07 10:08:47,Operon Origins,0.000503569090191871,0.22556448862850184
2022-01-07 10:38:55,Meta World Game,0.000024589723555545,0.01100025910894434
2022-01-07 10:38:55,MetaNet,4.411398E-12,1.973447146e-09
2022-01-07 10:59:01,Mars Floki Inu,1.079944E-12,4.80625038e-10
2022-01-07 10:59:01,Meta World Game,0.000023244817182939,0.010345017380819933
2022-01-07 11:09:04,TigerInu2022,0.000001500497294784,0.000668946193373666
2022-01-07 11:09:04,Empire Capital Token,0.000295531077518235,0.13175257963924228
2022-01-07 11:19:07,GovWorld,0.001107981145295344,0.48964856744575086
2022-01-07 11:29:09,BerylBit,0.000044158011575742,0.01980164601397654
2022-01-07 11:49:16,AnyPrinter,0.00000804149420083,0.003617132785265248
2022-01-07 12:09:23,Zenon,0.03518765882824141,15.93646237202925
2022-01-07 12:19:26,AnyPrinter,0.000008089336473761,0.003659957503032939
2022-01-07 12:29:32,Meta World Game,0.000022754176270272,0.010277189148478482
2022-01-07 12:39:41,Empire Capital Token,0.00032665710019565,0.1473357547574409
2022-01-07 12:39:41,MetaGods,0.002151557863665367,0.9704408738018473
2022-01-07 12:49:45,Ricnatum,4.6685327801E-8,2.1056736941417e-05
2022-01-07 12:49:45,Mars Floki Inu,1.141077E-12,5.14665943e-10
2022-01-07 13:19:56,MetaGods,0.002231468790914421,1.0096032263409909
2022-01-07 13:29:59,Empire Capital Token,0.000327619085746107,0.14780129767072842
2022-01-07 13:40:05,ERC20,0.000088725997989735,0.03998623787189043
2022-01-07 14:00:11,ERC20,0.00008689737008826,0.038984908601976676
2022-01-07 14:00:11,AnyPrinter,0.000008263224621518,0.00370714391356476
2022-01-07 14:10:15,Bomb Money,2.287018638598189544,1025.16007395528
2022-01-07 14:30:22,PoorQUACK.com,3.5777397E-11,1.6044317359e-08
2022-01-07 14:40:25,Urubit,0.00013854480497738,0.06223184705093807
2022-01-07 15:10:35,Bomb Money,2.232128819853678726,1006.2878065200346
2022-01-07 15:20:38,Age Of Knights,0.007569530161710282,3.408224627372833
2022-01-07 15:30:43,Mars Floki Inu,1.146576E-12,5.15808384e-10
2022-01-07 15:40:46,MetaGods,0.002238337566227665,1.010448504568952
2022-01-07 15:40:46,Bomb Money,2.327664557825760739,1050.773219857566
2022-01-07 16:00:51,CrazyMiner,0.001280486062008905,0.578275294728195
2022-01-07 16:10:54,AquaGoat.Finance,4.4027106E-11,1.9888008031e-08
2022-01-07 16:20:56,Frosty Floki,0.000097848657134482,0.044186152816674075
2022-01-07 16:30:59,Elon GOAT,0.000006108742488378,0.002756083265272155
2022-01-07 16:41:05,TigerInu2022,0.000001455523287119,0.000656513533789781
2022-01-07 16:41:05,Age Of Knights,0.008289601303053208,3.7390232731674278
2022-01-07 16:41:05,BullDog Coin,2.371351E-11,1.0695974502e-08
2022-01-07 16:51:08,Doge Rise Up,1.053816E-12,4.75161061e-10
2022-01-07 16:51:08,MetaGods,0.002219225437527141,1.0006395629045306
2022-01-07 17:01:12,Age Of Knights,0.008379278433561788,3.777286064942124
2022-01-07 17:11:15,Torekko,0.000090842671680959,0.04088513852912673
2022-01-07 17:21:18,Age Of Knights,0.008432120003269012,3.7915546769245574
2022-01-07 17:41:29,Garlicoin,0.000164271238266047,0.07374655975065816
2022-01-07 17:51:32,AquaGoat.Finance,5.3007079E-11,2.3769808051e-08
2022-01-07 18:01:37,Torekko,0.000091139890173677,0.04073429732397482
2022-01-07 18:01:37,Meta World Game,0.000024748587551045,0.011061197481493625
2022-01-07 18:11:40,AnyPrinter,0.000008852918952834,0.003953241392583551
2022-01-07 18:21:43,Etherconnect,0.000013780037390044,0.006151712225047806
2022-01-07 18:21:43,Mars Floki Inu,9.56129E-13,4.26837244e-10
2022-01-07 18:31:46,Garlicoin,0.000160996378259305,0.07190063333247226
2022-01-07 18:41:50,ERC20,0.000098952227429167,0.04425123374686727
2022-01-07 18:41:50,Etherconnect,0.000013152146276367,0.005881612918366094
2022-01-07 18:41:50,CrazyMiner,0.001174021444207937,0.525019988950415
2022-01-07 18:41:50,ZYX,0.000213172993612626,0.09533052680016026
2022-01-07 18:51:53,AquaGoat.Finance,3.7665441E-11,1.6833503902e-08
2022-01-07 18:51:53,Doge Rise Up,1.053933E-12,4.71025479e-10
2022-01-07 18:51:53,Mars Floki Inu,7.77818E-13,3.4762393e-10
2022-01-07 19:01:56,Garlicoin,0.000160406607187507,0.07190063333247226
2022-01-07 19:01:56,CarsAutoFinance,0.000002033489856064,0.000911491185367665
2022-01-07 19:12:00,ERC20,0.000094491047281091,0.04225095303058209
2022-01-07 19:52:12,BerylBit,0.000058015060275978,0.02614863694555768
2022-01-07 19:52:12,PYE,0.00000336709535702,0.001517622383445806
2022-01-07 20:02:14,Metaland DAO,1.3302578565E-8,6.012067821969e-06
2022-01-07 20:02:14,Garlicoin,0.000088724069682498,0.040098626123607456
2022-01-07 20:22:20,BerylBit,0.000060207245202323,0.027284858997326075
2022-01-07 21:02:31,CrazyMiner,0.001191275691481058,0.5394130053729496
2022-01-07 21:52:45,Zenon,0.034174701047360224,15.404185416565134
2022-01-07 22:02:47,Garlicoin,0.00016150728335955,0.07280136214573384
2022-01-07 22:22:56,GOAL token,0.006337577534225225,2.855756728309655
2022-01-07 22:33:04,Garlicoin,0.000161772830042258,0.07280136214573384
2022-01-07 22:33:04,Meta World Game,0.000023330838916469,0.010499395063299406
2022-01-07 22:43:08,Doge Rise Up,1.064637E-12,4.79315142e-10
2022-01-07 22:43:08,Zenon,0.034260359134977506,15.424508618578079
2022-01-07 22:53:11,Meta World Game,0.000023442336857035,0.01055487853227579
2022-01-07 23:03:13,PYE,0.000003207604031078,0.001445506717209268
2022-01-07 23:23:18,CrazyMiner,0.001188641912325284,0.5364921938165579
2022-01-07 23:33:21,Offshift,0.039873174232519919,18.007794474624085
2022-01-07 23:53:27,STEP,0.000004584163281925,0.002078361045507867
2022-01-08 00:03:30,Offshift,0.04156356407840089,18.838384557325057
2022-01-08 00:13:32,STEP,0.000004337891296325,0.001965540429629681
2022-01-08 00:23:34,Zenon,0.034438046841252608,15.616847899475175
2022-01-08 00:23:34,OBRok Token,Error,Error
2022-01-08 00:33:38,Footie Plus,0.000005311175151917,0.002408816184903391
2022-01-08 00:43:40,GOAL token,0.006776030396691633,3.072310869086123
2022-01-08 00:53:43,CrazyMiner,0.001191539618510145,0.5404088394139368
2022-01-08 01:03:46,MetaSpace,0.000690405193405658,0.31317474261619926
2022-01-08 01:13:48,Green Chart,1.08665384059E-7,4.928247373784e-05
2022-01-08 01:23:51,BullDog Coin,2.7966061E-11,1.2710677601e-08
2022-01-08 01:33:53,Metaland DAO,1.8461415829E-8,8.389263062494e-06
2022-01-08 01:33:53,The Dynasty,0.000068966013160803,0.03133963462730196
2022-01-08 01:43:56,Doge Rise Up,1.064631E-12,4.8295064e-10
2022-01-08 01:43:56,NAFTY,9.26672186116E-7,0.00042036793367311
2022-01-08 02:04:01,GOAL token,0.006369277449892452,2.8944406354037486
2022-01-08 02:04:01,MetaSpace,0.000688758924882119,0.3129981125581938
2022-01-08 02:14:03,NAFTY,9.23718254986E-7,0.00042036793367311
2022-01-08 02:24:06,GOAL token,0.006355556447524976,2.8944406354037486
2022-01-08 02:54:19,CrazyMiner,0.001270188384518349,0.578865553639539
2022-01-08 03:14:29,GOAL token,0.006318420974993174,2.8944406354037486
2022-01-08 03:24:32,BullDog Coin,2.487257E-11,1.1383520712e-08
2022-01-08 03:34:37,Rijent Coin,0.000012806817384117,0.005852306771063282
2022-01-08 03:34:37,STEP,0.000004364421947783,0.001994401524649453
2022-01-08 03:44:40,Nfans,0.000077638656067537,0.03547387275291293
2022-01-08 03:44:40,ZUM TOKEN,5.5575504546E-8,2.5392999780245e-05
2022-01-08 03:54:43,GOAL token,0.00633692528325584,2.8944406354037486
2022-01-08 03:54:43,CryptoGuards,0.007683253715749871,3.5093867724375736
2022-01-08 04:04:48,Swirl,6.81478E-13,3.11076059e-10
2022-01-08 04:14:51,GOAL token,0.006341799683909041,2.8944406354037486
2022-01-08 04:14:51,Garlicoin,0.000145762373547386,0.066526941583938
2022-01-08 04:24:54,CrazyMiner,0.001449959777295427,0.661713184357526
2022-01-08 04:24:54,Meta World Game,0.000022656779232994,0.010339796846995764
2022-01-08 04:34:56,GOAL token,0.006342040941903064,2.8944406354037486
2022-01-08 04:34:56,STEP,0.000004056142342162,0.001851180609788371
2022-01-08 04:44:59,Meta World Game,0.000022687602143319,0.010367935431903614
2022-01-08 05:05:05,Etherconnect,0.000013314198088918,0.006088343043464981
2022-01-08 05:05:05,Web3 Inu,8.6627966E-11,3.9613409068e-08
2022-01-08 05:05:05,Eroverse,2.24605675356E-7,0.000102708130969741
2022-01-08 05:15:09,MetaGods,0.002196525327214316,1.0041171534947126
2022-01-08 05:25:13,Metaland DAO,1.1575848424E-8,5.288909224742e-06
2022-01-08 05:25:13,Eroverse,2.25082145752E-7,0.000102838167310921
2022-01-08 05:25:13,CarsAutoFinance,0.000001605027446804,0.000733323740811197
2022-01-08 05:35:18,Web3 Inu,8.317481E-11,3.7989463624e-08
2022-01-08 05:35:18,STEP,0.00000421080939051,0.001923255246632848
2022-01-08 05:45:21,Footie Plus,0.000005232487037374,0.002389468968885294
2022-01-08 06:05:29,Etherconnect,0.000013636242955245,0.006198418577126307
2022-01-08 06:15:32,BullDog Coin,3.1113077E-11,1.4142594293e-08
2022-01-08 06:25:34,Metaland DAO,1.1513276571E-8,5.229951818578e-06
2022-01-08 06:45:41,AquaGoat.Finance,4.6488223E-11,2.1123181254e-08
2022-01-08 06:55:45,Eroverse,2.12555939984E-7,9.6794568663078e-05
2022-01-08 06:55:45,MetaMars,4.4359136E-10,2.0200439622e-07
2022-01-08 07:05:48,Age Of Knights,0.009384033875647373,4.275993182121064
2022-01-08 07:15:51,MetaMars,4.63173961E-10,2.11099791367e-07
2022-01-08 07:15:51,STEP,0.000003915886404644,0.00178473505122621
2022-01-08 07:25:54,Age Of Knights,0.009749991639029109,4.443098358267267
2022-01-08 07:35:57,Torekko,0.000107289916894854,0.0488731569148116
2022-01-08 07:46:02,Zodiacs,0.000058592243767794,0.026627428856796056
2022-01-08 07:56:07,MetaMars,4.40476737E-10,2.0005847792e-07
2022-01-08 08:16:16,NinjaFloki,1.1790301881E-8,5.356226330227e-06
2022-01-08 08:26:19,Torekko,0.000102440650530987,0.046475925415530334
2022-01-08 08:26:19,GoldMiner,2.31721370013E-7,0.000105128823900305
2022-01-08 08:36:29,BullDog Coin,2.7358645E-11,1.2407439663e-08
2022-01-08 08:46:33,FIA Protocol,0.00003217589116518,0.014620862350723896
2022-01-08 08:46:33,CrazyMiner,0.001592235017856735,0.723518391660848
2022-01-08 08:56:37,Pi INU,2.50893366E-9,1.139630198322e-06
2022-01-08 09:06:40,AquaGoat.Finance,4.9083616E-11,2.2295098107e-08
2022-01-08 09:16:43,Fantasy Girl,3.9232412E-11,1.7814532119e-08
2022-01-08 09:16:43,CrazyMiner,0.001684932192808498,0.7650887899361501
2022-01-08 09:26:46,Metaland DAO,1.0963041594E-8,4.971996862502e-06
2022-01-08 09:36:49,AquaGoat.Finance,5.0796722E-11,2.3023081123e-08
2022-01-08 09:36:49,Community Token,2.221757E-11,1.00698802e-08
2022-01-08 09:46:53,Metaland DAO,1.1644788735E-8,5.276961129421e-06
2022-01-08 09:56:56,ERC20,0.000096610717814337,0.043710778528158474
2022-01-08 10:07:01,Bunscake,5.751372911E-9,2.583365543458e-06
2022-01-08 10:07:01,Cheems Inu,1.4E-17,6.414e-15
2022-01-08 10:07:01,Age Of Knights,0.00936071402190407,4.204586702792884
2022-01-08 10:17:04,SafeMoon,1.436949583E-9,6.448575563e-07
2022-01-08 10:17:04,OBRok Token,Error,Error
2022-01-08 10:37:10,Etherconnect,0.000015954384426484,0.007136724680470619
2022-01-08 10:37:10,Swirl,8.07074E-13,3.61020727e-10
2022-01-08 10:47:14,Baby Shitcoin,0.000006975524892528,0.003120431104352895
2022-01-08 10:57:16,Rainicorn,0.000240967029076336,0.10779215538579953
2022-01-08 10:57:16,Bunscake,5.569656837E-9,2.49148324352e-06
2022-01-08 11:07:20,Franklin,0.000034779370534153,0.01555865853125926
2022-01-08 11:07:20,Hachiko,1.006391E-12,4.50211956e-10
2022-01-08 11:07:20,Eroverse,2.1684010915E-7,9.7004090710614e-05
2022-01-08 11:17:23,Green Chart,1.02839578338E-7,4.6158788044907e-05
2022-01-08 11:27:29,Rainicorn,0.000233831203358485,0.10492510315215137
2022-01-08 11:37:32,ERC20,0.000095180837954379,0.042493228402765995
2022-01-08 11:37:32,OBRok Token,Error,Error
2022-01-08 11:47:35,Hachiko,9.398E-13,4.18936449e-10
2022-01-08 12:17:46,Community Token,2.0768782E-11,9.17913724e-09
2022-01-08 12:17:46,Switcheo,0.000055902966681913,0.024707322418457345
2022-01-08 12:17:46,Eroverse,2.1983349937E-7,9.7159372206861e-05
2022-01-08 12:37:55,CheemsBillionaire,1.71383685455E-7,7.534151788433e-05
2022-01-08 12:47:58,Age Of Knights,0.00873487623369208,3.8282407598584025
2022-01-08 12:47:58,STEP,0.000003782412886333,0.001657720933265553
2022-01-08 12:58:01,AquaGoat.Finance,5.054021E-11,2.1969068694e-08
2022-01-08 13:08:06,Hachiko,1.101011E-12,4.72291736e-10
2022-01-08 13:18:09,Pi INU,2.446511771E-9,1.050226179401e-06
2022-01-08 13:28:14,Ronin Gamez,7.8261652648E-8,3.3840490790629e-05
2022-01-08 13:58:23,Franklin,0.000038233575101553,0.016166901633202415
2022-01-08 13:58:23,xxxNifty,5.6257773753E-7,0.000237883559659589
2022-01-08 14:28:31,Franklin,0.000035596877038618,0.014921801247565791
2022-01-08 14:28:31,OBRok Token,Error,Error
2022-01-08 14:38:34,xxxNifty,5.63262257113E-7,0.000237229309142281
2022-01-08 14:48:39,Franklin,0.000035387753560176,0.014880888177376393
2022-01-08 14:58:42,Gera Coin,0.007862927604373616,3.3115383332997768
2022-01-08 14:58:42,HarmonyPad,0.000001447240274743,0.000609517458184479
2022-01-08 15:08:45,SafeMoon,1.532956533E-9,6.448575563e-07
2022-01-08 15:08:45,NinjaFloki,1.3631995998E-8,5.734471549828e-06
2022-01-08 15:08:45,OBRok Token,Error,Error
2022-01-08 15:18:49,DeHive,0.001800599301658544,0.7543084408002924
2022-01-08 15:18:49,STEP,0.000004189320854778,0.001754993506367095
2022-01-08 15:28:53,Etherconnect,0.000016889334139659,0.007108081611005748
2022-01-08 15:28:53,xxxNifty,5.62835680766E-7,0.000236876239133579
2022-01-08 15:38:56,Community Token,2.1052165E-11,8.899439872e-09
2022-01-08 15:59:01,Ltradex,3.2567523768E-8,1.3715529110984e-05
2022-01-08 16:09:06,Swirl,1.090383E-12,4.60349599e-10
2022-01-08 16:19:08,Dibs Share,0.862205524775834167,364.788395173798
2022-01-08 16:29:11,OBRok Token,Error,Error
2022-01-08 16:39:14,Doge Rise Up,1.055318E-12,4.50357028e-10
2022-01-08 16:49:20,Dragon Infinity,4.2939095E-11,1.8439098174e-08
2022-01-08 16:59:22,Nevada,0.000002468882777019,0.001059526834463492
2022-01-08 17:09:27,Ltradex,3.1555140826E-8,1.3574561373529e-05
2022-01-08 17:19:30,GOAL token,0.007885649895283665,3.407550295098464
2022-01-08 17:29:32,Green Chart,1.01024766258E-7,4.3893744450406e-05
2022-01-08 17:39:35,Community Token,2.0362191E-11,8.856000233e-09
2022-01-08 17:39:35,GOAL token,0.007834822652950333,3.407550295098464
2022-01-08 17:39:35,Web3 Inu,1.03327479E-10,4.4939572434e-08
2022-01-08 17:59:40,Nevada,0.000002467483798413,0.001074153654108361
2022-01-08 18:09:43,Community Token,2.1087746E-11,9.15059344e-09
2022-01-08 18:19:46,YAY Games,0.000046955244247368,0.02036561562303486
2022-01-08 18:19:46,ERC20,0.000091006629182664,0.039471757815125845
2022-01-08 18:19:46,OBRok Token,Error,Error
2022-01-08 18:39:53,Calo App,0.000330799621304555,0.14251899503376098
2022-01-08 18:59:59,Community Token,2.1321878E-11,9.173524212e-09
2022-01-08 18:59:59,Calo App,0.000330799621304555,0.1423232184845043
2022-01-08 18:59:59,MiniTesla,1.504295E-12,6.47207685e-10
2022-01-08 19:10:02,Swirl,1.532035E-12,6.55705664e-10
2022-01-08 19:30:12,No COVID19,0.000022329422949296,0.009553535895972888
2022-01-08 19:40:15,WoopMoney,7.981834248E-9,3.420643380038e-06
2022-01-08 19:40:15,Nevada,0.000002481305726611,0.00106337237076328
2022-01-08 19:50:20,Miss Ape Yacht Club,3.09601082E-10,1.33463905044e-07
2022-01-08 19:50:20,GOAL token,0.008770435618830057,3.780789710211618
2022-01-08 19:50:20,Calo App,0.000330799621304555,0.14260224448657396
2022-01-08 19:50:20,Green Chart,9.9156221761E-8,4.2744606907707e-05
2022-01-08 20:00:23,No COVID19,0.000022329422949296,0.009646296498477747
2022-01-08 20:10:26,LimoCoin Swap,0.000283650325315493,0.12270469241781966
2022-01-08 20:20:30,WoopMoney,7.988971679E-9,3.448919126308e-06
2022-01-08 20:30:33,Baby Bali,3.873957E-12,1.668385093e-09
2022-01-08 20:40:36,Switcheo,0.000058154698009729,0.025043992431774256
2022-01-08 20:40:36,LimoCoin Swap,0.000273008519834658,0.11756957801423334
2022-01-08 20:50:39,Footie Plus,0.00000505167166973,0.002174475737886531
2022-01-08 20:50:39,Mars Floki Inu,5.69615E-13,2.4518896e-10
2022-01-08 21:00:42,Calo App,0.000331101962479116,0.14277467982414777
2022-01-08 21:00:42,Switcheo,0.000061270590700499,0.026420528904149632
2022-01-08 21:10:45,GOAL token,0.007704659998763998,3.3228901376899693
2022-01-08 21:10:45,No COVID19,0.000018676630046582,0.00805491608935714
2022-01-08 21:20:51,WoopMoney,7.988971679E-9,3.45750707903e-06
2022-01-08 21:30:56,Calo App,0.00033169510163339,0.14377301867023826
2022-01-08 21:40:59,Miss Ape Yacht Club,3.14526236E-10,1.36427291124e-07
2022-01-08 21:51:02,Rijent Coin,3.172719096E-9,1.378829803187e-06
2022-01-08 21:51:02,Oddz,0.000582023162962005,0.2529410448458783
2022-01-08 21:51:02,STEP,0.000004605917195259,0.002001682376202116
